{
  "nodes": [
    {
      "id": "2512.17908v1",
      "node_type": "paper",
      "title": "Re-Depth Anything: Test-Time Depth Refinement via Self-Supervised Re-lighting",
      "summary": "Monocular depth estimation remains challenging as recent foundation models, such as Depth Anything V2 (DA-V2), struggle with real-world images that are far from the training distribution. We introduce",
      "published": "2025-12-19T18:59:56+00:00",
      "categories": [
        "cs.CV",
        "cs.AI",
        "cs.LG"
      ]
    },
    {
      "id": "2512.17902v1",
      "node_type": "paper",
      "title": "Adversarial Robustness of Vision in Open Foundation Models",
      "summary": "With the increase in deep learning, it becomes increasingly difficult to understand the model in which AI systems can identify objects. Thus, an adversary could aim to modify an image by adding unseen",
      "published": "2025-12-19T18:59:16+00:00",
      "categories": [
        "cs.CV",
        "cs.AI",
        "cs.CR"
      ]
    },
    {
      "id": "2512.17901v1",
      "node_type": "paper",
      "title": "When Reasoning Meets Its Laws",
      "summary": "Despite the superior performance of Large Reasoning Models (LRMs), their reasoning behaviors are often counterintuitive, leading to suboptimal reasoning capabilities. To theoretically formalize the de",
      "published": "2025-12-19T18:59:11+00:00",
      "categories": [
        "cs.AI",
        "cs.CL"
      ]
    },
    {
      "id": "2512.17899v1",
      "node_type": "paper",
      "title": "Distributionally Robust Imitation Learning: Layered Control Architecture for Certifiable Autonomy",
      "summary": "Imitation learning (IL) enables autonomous behavior by learning from expert demonstrations. While more sample-efficient than comparative alternatives like reinforcement learning, IL is sensitive to co",
      "published": "2025-12-19T18:58:11+00:00",
      "categories": [
        "eess.SY",
        "cs.LG"
      ]
    },
    {
      "id": "2512.17898v1",
      "node_type": "paper",
      "title": "Humanlike AI Design Increases Anthropomorphism but Yields Divergent Outcomes on Engagement and Trust Globally",
      "summary": "Over a billion users across the globe interact with AI systems engineered with increasing sophistication to mimic human traits. This shift has triggered urgent debate regarding Anthropomorphism, the a",
      "published": "2025-12-19T18:57:53+00:00",
      "categories": [
        "cs.AI"
      ]
    },
    {
      "id": "2512.17897v1",
      "node_type": "paper",
      "title": "RadarGen: Automotive Radar Point Cloud Generation from Cameras",
      "summary": "We present RadarGen, a diffusion model for synthesizing realistic automotive radar point clouds from multi-view camera imagery. RadarGen adapts efficient image-latent diffusion to the radar domain by ",
      "published": "2025-12-19T18:57:33+00:00",
      "categories": [
        "cs.CV",
        "cs.AI",
        "cs.LG",
        "cs.RO"
      ]
    },
    {
      "id": "2512.17893v1",
      "node_type": "paper",
      "title": "Exploring the Effect of Basis Rotation on NQS Performance",
      "summary": "Neural Quantum States (NQS) use neural networks to represent wavefunctions of quantum many-body systems, but their performance depends on the choice of basis, yet the underlying mechanism remains poor",
      "published": "2025-12-19T18:49:33+00:00",
      "categories": [
        "quant-ph",
        "cs.AI"
      ]
    },
    {
      "id": "2512.17884v1",
      "node_type": "paper",
      "title": "Regularized Random Fourier Features and Finite Element Reconstruction for Operator Learning in Sobolev Space",
      "summary": "Operator learning is a data-driven approximation of mappings between infinite-dimensional function spaces, such as the solution operators of partial differential equations. Kernel-based operator learn",
      "published": "2025-12-19T18:36:24+00:00",
      "categories": [
        "cs.LG",
        "math.NA",
        "stat.ML"
      ]
    },
    {
      "id": "2512.17878v1",
      "node_type": "paper",
      "title": "Weighted Stochastic Differential Equation to Implement Wasserstein-Fisher-Rao Gradient Flow",
      "summary": "Score-based diffusion models currently constitute the state of the art in continuous generative modeling. These methods are typically formulated via overdamped or underdamped Ornstein--Uhlenbeck-type ",
      "published": "2025-12-19T18:31:27+00:00",
      "categories": [
        "cs.LG",
        "cs.AI",
        "stat.ML"
      ]
    },
    {
      "id": "2512.17877v1",
      "node_type": "paper",
      "title": "Learning vertical coordinates via automatic differentiation of a dynamical core",
      "summary": "Terrain-following coordinates in atmospheric models often imprint their grid structure onto the solution, particularly over steep topography, where distorted coordinate layers can generate spurious ho",
      "published": "2025-12-19T18:31:07+00:00",
      "categories": [
        "physics.ao-ph",
        "cs.LG",
        "physics.flu-dyn"
      ]
    },
    {
      "id": "2512.17875v1",
      "node_type": "paper",
      "title": "Visually Prompted Benchmarks Are Surprisingly Fragile",
      "summary": "A key challenge in evaluating VLMs is testing models' ability to analyze visual content independently from their textual priors. Recent benchmarks such as BLINK probe visual perception through visual ",
      "published": "2025-12-19T18:26:58+00:00",
      "categories": [
        "cs.CV",
        "cs.LG"
      ]
    },
    {
      "id": "2512.17864v1",
      "node_type": "paper",
      "title": "Interpretable Plant Leaf Disease Detection Using Attention-Enhanced CNN",
      "summary": "Plant diseases pose a significant threat to global food security, necessitating accurate and interpretable disease detection methods. This study introduces an interpretable attention-guided Convolutio",
      "published": "2025-12-19T18:11:15+00:00",
      "categories": [
        "cs.CV",
        "cs.AI"
      ]
    },
    {
      "id": "2512.17853v1",
      "node_type": "paper",
      "title": "AnyTask: an Automated Task and Data Generation Framework for Advancing Sim-to-Real Policy Learning",
      "summary": "Generalist robot learning remains constrained by data: large-scale, diverse, and high-quality interaction data are expensive to collect in the real world. While simulation has become a promising way f",
      "published": "2025-12-19T17:55:48+00:00",
      "categories": [
        "cs.RO",
        "cs.AI"
      ]
    },
    {
      "id": "2512.17851v1",
      "node_type": "paper",
      "title": "InfSplign: Inference-Time Spatial Alignment of Text-to-Image Diffusion Models",
      "summary": "Text-to-image (T2I) diffusion models generate high-quality images but often fail to capture the spatial relations specified in text prompts. This limitation can be traced to two factors: lack of fine-",
      "published": "2025-12-19T17:52:43+00:00",
      "categories": [
        "cs.CV",
        "cs.AI"
      ]
    },
    {
      "id": "2512.17850v1",
      "node_type": "paper",
      "title": "Integrating Computational Methods and AI into Qualitative Studies of Aging and Later Life",
      "summary": "This chapter demonstrates how computational social science (CSS) tools are extending and expanding research on aging. The depth and context from traditionally qualitative methods such as participant o",
      "published": "2025-12-19T17:50:05+00:00",
      "categories": [
        "cs.CY",
        "cs.AI",
        "cs.HC",
        "stat.AP"
      ]
    },
    {
      "id": "2512.17846v1",
      "node_type": "paper",
      "title": "Planning as Descent: Goal-Conditioned Latent Trajectory Synthesis in Learned Energy Landscapes",
      "summary": "We present Planning as Descent (PaD), a framework for offline goal-conditioned reinforcement learning that grounds trajectory synthesis in verification. Instead of learning a policy or explicit planne",
      "published": "2025-12-19T17:49:13+00:00",
      "categories": [
        "cs.RO",
        "cs.AI"
      ]
    },
    {
      "id": "2512.17843v1",
      "node_type": "paper",
      "title": "ShareChat: A Dataset of Chatbot Conversations in the Wild",
      "summary": "While Large Language Models (LLMs) have evolved into distinct platforms with unique interface designs and capabilities, existing public datasets treat models as generic text generators, stripping away",
      "published": "2025-12-19T17:47:53+00:00",
      "categories": [
        "cs.CL",
        "cs.AI",
        "cs.HC"
      ]
    },
    {
      "id": "2512.17820v1",
      "node_type": "paper",
      "title": "Exploiting ID-Text Complementarity via Ensembling for Sequential Recommendation",
      "summary": "Modern Sequential Recommendation (SR) models commonly utilize modality features to represent items, motivated in large part by recent advancements in language and vision modeling. To do so, several wo",
      "published": "2025-12-19T17:24:12+00:00",
      "categories": [
        "cs.LG"
      ]
    },
    {
      "id": "2512.17814v1",
      "node_type": "paper",
      "title": "LLM-based Behaviour Driven Development for Hardware Design",
      "summary": "Test and verification are essential activities in hardware and system design, but their complexity grows significantly with increasing system sizes. While Behavior Driven Development (BDD) has proven ",
      "published": "2025-12-19T17:19:08+00:00",
      "categories": [
        "cs.SE",
        "cs.AI",
        "cs.AR"
      ]
    },
    {
      "id": "2512.17800v1",
      "node_type": "paper",
      "title": "Domain-Aware Quantum Circuit for QML",
      "summary": "Designing parameterized quantum circuits (PQCs) that are expressive, trainable, and robust to hardware noise is a central challenge for quantum machine learning (QML) on noisy intermediate-scale quant",
      "published": "2025-12-19T17:02:58+00:00",
      "categories": [
        "quant-ph",
        "cs.LG"
      ]
    },
    {
      "id": "author_Ananta_R__Bhattarai",
      "node_type": "author",
      "name": "Ananta R. Bhattarai",
      "confidence": 1.0
    },
    {
      "id": "author_Helge_Rhodin",
      "node_type": "author",
      "name": "Helge Rhodin",
      "confidence": 1.0
    },
    {
      "id": "category_cs.CV",
      "node_type": "category",
      "name": "cs.CV",
      "confidence": 1.0
    },
    {
      "id": "category_cs.AI",
      "node_type": "category",
      "name": "cs.AI",
      "confidence": 1.0
    },
    {
      "id": "category_cs.LG",
      "node_type": "category",
      "name": "cs.LG",
      "confidence": 1.0
    },
    {
      "id": "method_synthesis",
      "node_type": "method",
      "name": "synthesis",
      "confidence": 0.7
    },
    {
      "id": "method_diffusion",
      "node_type": "method",
      "name": "diffusion",
      "confidence": 0.7
    },
    {
      "id": "method_Re",
      "node_type": "method",
      "name": "Re",
      "confidence": 0.7
    },
    {
      "id": "author_Jonathon_Fox",
      "node_type": "author",
      "name": "Jonathon Fox",
      "confidence": 1.0
    },
    {
      "id": "author_William_J_Buchanan",
      "node_type": "author",
      "name": "William J Buchanan",
      "confidence": 1.0
    },
    {
      "id": "author_Pavlos_Papadopoulos",
      "node_type": "author",
      "name": "Pavlos Papadopoulos",
      "confidence": 1.0
    },
    {
      "id": "category_cs.CR",
      "node_type": "category",
      "name": "cs.CR",
      "confidence": 1.0
    },
    {
      "id": "author_Junyu_Zhang",
      "node_type": "author",
      "name": "Junyu Zhang",
      "confidence": 1.0
    },
    {
      "id": "author_Yifan_Sun",
      "node_type": "author",
      "name": "Yifan Sun",
      "confidence": 1.0
    },
    {
      "id": "author_Tianang_Leng",
      "node_type": "author",
      "name": "Tianang Leng",
      "confidence": 1.0
    },
    {
      "id": "author_Jingyan_Shen",
      "node_type": "author",
      "name": "Jingyan Shen",
      "confidence": 1.0
    },
    {
      "id": "author_Liu_Ziyin",
      "node_type": "author",
      "name": "Liu Ziyin",
      "confidence": 1.0
    },
    {
      "id": "author_Paul_Pu_Liang",
      "node_type": "author",
      "name": "Paul Pu Liang",
      "confidence": 1.0
    },
    {
      "id": "author_Huan_Zhang",
      "node_type": "author",
      "name": "Huan Zhang",
      "confidence": 1.0
    },
    {
      "id": "category_cs.CL",
      "node_type": "category",
      "name": "cs.CL",
      "confidence": 1.0
    },
    {
      "id": "method_LoRe",
      "node_type": "method",
      "name": "LoRe",
      "confidence": 0.7
    },
    {
      "id": "author_Aditya_Gahlawat",
      "node_type": "author",
      "name": "Aditya Gahlawat",
      "confidence": 1.0
    },
    {
      "id": "author_Ahmed_Aboudonia",
      "node_type": "author",
      "name": "Ahmed Aboudonia",
      "confidence": 1.0
    },
    {
      "id": "author_Sandeep_Banik",
      "node_type": "author",
      "name": "Sandeep Banik",
      "confidence": 1.0
    },
    {
      "id": "author_Naira_Hovakimyan",
      "node_type": "author",
      "name": "Naira Hovakimyan",
      "confidence": 1.0
    },
    {
      "id": "author_Nikolai_Matni",
      "node_type": "author",
      "name": "Nikolai Matni",
      "confidence": 1.0
    },
    {
      "id": "author_Aaron_D__Ames",
      "node_type": "author",
      "name": "Aaron D. Ames",
      "confidence": 1.0
    },
    {
      "id": "author_Gioele_Zardini",
      "node_type": "author",
      "name": "Gioele Zardini",
      "confidence": 1.0
    },
    {
      "id": "author_Alberto_Speranzon",
      "node_type": "author",
      "name": "Alberto Speranzon",
      "confidence": 1.0
    },
    {
      "id": "category_eess.SY",
      "node_type": "category",
      "name": "eess.SY",
      "confidence": 1.0
    },
    {
      "id": "method_Our_previously_developed",
      "node_type": "method",
      "name": "Our previously developed",
      "confidence": 0.7
    },
    {
      "id": "method_with_certifiable",
      "node_type": "method",
      "name": "with certifiable",
      "confidence": 0.7
    },
    {
      "id": "author_Robin_Schimmelpfennig",
      "node_type": "author",
      "name": "Robin Schimmelpfennig",
      "confidence": 1.0
    },
    {
      "id": "author_Mark_Díaz",
      "node_type": "author",
      "name": "Mark Díaz",
      "confidence": 1.0
    },
    {
      "id": "author_Vinodkumar_Prabhakaran",
      "node_type": "author",
      "name": "Vinodkumar Prabhakaran",
      "confidence": 1.0
    },
    {
      "id": "author_Aida_Davani",
      "node_type": "author",
      "name": "Aida Davani",
      "confidence": 1.0
    },
    {
      "id": "method_all",
      "node_type": "method",
      "name": "all",
      "confidence": 0.7
    },
    {
      "id": "author_Tomer_Borreda",
      "node_type": "author",
      "name": "Tomer Borreda",
      "confidence": 1.0
    },
    {
      "id": "author_Fangqiang_Ding",
      "node_type": "author",
      "name": "Fangqiang Ding",
      "confidence": 1.0
    },
    {
      "id": "author_Sanja_Fidler",
      "node_type": "author",
      "name": "Sanja Fidler",
      "confidence": 1.0
    },
    {
      "id": "author_Shengyu_Huang",
      "node_type": "author",
      "name": "Shengyu Huang",
      "confidence": 1.0
    },
    {
      "id": "author_Or_Litany",
      "node_type": "author",
      "name": "Or Litany",
      "confidence": 1.0
    },
    {
      "id": "category_cs.RO",
      "node_type": "category",
      "name": "cs.RO",
      "confidence": 1.0
    },
    {
      "id": "method_RadarGen",
      "node_type": "method",
      "name": "RadarGen",
      "confidence": 0.7
    },
    {
      "id": "author_Sven_Benjamin_Kožić",
      "node_type": "author",
      "name": "Sven Benjamin Kožić",
      "confidence": 1.0
    },
    {
      "id": "author_Vinko_Zlatić",
      "node_type": "author",
      "name": "Vinko Zlatić",
      "confidence": 1.0
    },
    {
      "id": "author_Fabio_Franchini",
      "node_type": "author",
      "name": "Fabio Franchini",
      "confidence": 1.0
    },
    {
      "id": "author_Salvatore_Marco_Giampaolo",
      "node_type": "author",
      "name": "Salvatore Marco Giampaolo",
      "confidence": 1.0
    },
    {
      "id": "category_quant-ph",
      "node_type": "category",
      "name": "quant-ph",
      "confidence": 1.0
    },
    {
      "id": "method_aware",
      "node_type": "method",
      "name": "aware",
      "confidence": 0.7
    },
    {
      "id": "method_dimensional_Ising",
      "node_type": "method",
      "name": "dimensional Ising",
      "confidence": 0.7
    },
    {
      "id": "method_wavefunctions_of_quantum_many",
      "node_type": "method",
      "name": "wavefunctions of quantum many",
      "confidence": 0.7
    },
    {
      "id": "author_Xinyue_Yu",
      "node_type": "author",
      "name": "Xinyue Yu",
      "confidence": 1.0
    },
    {
      "id": "author_Hayden_Schaeffer",
      "node_type": "author",
      "name": "Hayden Schaeffer",
      "confidence": 1.0
    },
    {
      "id": "category_math.NA",
      "node_type": "category",
      "name": "math.NA",
      "confidence": 1.0
    },
    {
      "id": "category_stat.ML",
      "node_type": "category",
      "name": "stat.ML",
      "confidence": 1.0
    },
    {
      "id": "method_The",
      "node_type": "method",
      "name": "The",
      "confidence": 0.7
    },
    {
      "id": "author_Herlock_Rahimi",
      "node_type": "author",
      "name": "Herlock Rahimi",
      "confidence": 1.0
    },
    {
      "id": "method_These",
      "node_type": "method",
      "name": "These",
      "confidence": 0.7
    },
    {
      "id": "method_Since_many_practical_generative",
      "node_type": "method",
      "name": "Since many practical generative",
      "confidence": 0.7
    },
    {
      "id": "author_Tim_Whittaker",
      "node_type": "author",
      "name": "Tim Whittaker",
      "confidence": 1.0
    },
    {
      "id": "author_Seth_Taylor",
      "node_type": "author",
      "name": "Seth Taylor",
      "confidence": 1.0
    },
    {
      "id": "author_Elsa_Cardoso-Bihlo",
      "node_type": "author",
      "name": "Elsa Cardoso-Bihlo",
      "confidence": 1.0
    },
    {
      "id": "author_Alejandro_Di_Luca",
      "node_type": "author",
      "name": "Alejandro Di Luca",
      "confidence": 1.0
    },
    {
      "id": "author_Alex_Bihlo",
      "node_type": "author",
      "name": "Alex Bihlo",
      "confidence": 1.0
    },
    {
      "id": "category_physics.ao-ph",
      "node_type": "category",
      "name": "physics.ao-ph",
      "confidence": 1.0
    },
    {
      "id": "category_physics.flu-dyn",
      "node_type": "category",
      "name": "physics.flu-dyn",
      "confidence": 1.0
    },
    {
      "id": "method_key_feature_of_our",
      "node_type": "method",
      "name": "key feature of our",
      "confidence": 0.7
    },
    {
      "id": "method_an_end",
      "node_type": "method",
      "name": "an end",
      "confidence": 0.7
    },
    {
      "id": "method_following_coordinates_in_atmospheric",
      "node_type": "method",
      "name": "following coordinates in atmospheric",
      "confidence": 0.7
    },
    {
      "id": "author_Haiwen_Feng",
      "node_type": "author",
      "name": "Haiwen Feng",
      "confidence": 1.0
    },
    {
      "id": "author_Long_Lian",
      "node_type": "author",
      "name": "Long Lian",
      "confidence": 1.0
    },
    {
      "id": "author_Lisa_Dunlap",
      "node_type": "author",
      "name": "Lisa Dunlap",
      "confidence": 1.0
    },
    {
      "id": "author_Jiahao_Shu",
      "node_type": "author",
      "name": "Jiahao Shu",
      "confidence": 1.0
    },
    {
      "id": "author_XuDong_Wang",
      "node_type": "author",
      "name": "XuDong Wang",
      "confidence": 1.0
    },
    {
      "id": "author_Renhao_Wang",
      "node_type": "author",
      "name": "Renhao Wang",
      "confidence": 1.0
    },
    {
      "id": "author_Trevor_Darrell",
      "node_type": "author",
      "name": "Trevor Darrell",
      "confidence": 1.0
    },
    {
      "id": "author_Alane_Suhr",
      "node_type": "author",
      "name": "Alane Suhr",
      "confidence": 1.0
    },
    {
      "id": "author_Angjoo_Kanazawa",
      "node_type": "author",
      "name": "Angjoo Kanazawa",
      "confidence": 1.0
    },
    {
      "id": "method_can_also_cause",
      "node_type": "method",
      "name": "can also cause",
      "confidence": 0.7
    },
    {
      "id": "method_significant_influence_on",
      "node_type": "method",
      "name": "significant influence on",
      "confidence": 0.7
    },
    {
      "id": "method_we_find_that_existing",
      "node_type": "method",
      "name": "we find that existing",
      "confidence": 0.7
    },
    {
      "id": "author_Balram_Singh",
      "node_type": "author",
      "name": "Balram Singh",
      "confidence": 1.0
    },
    {
      "id": "author_Ram_Prakash_Sharma",
      "node_type": "author",
      "name": "Ram Prakash Sharma",
      "confidence": 1.0
    },
    {
      "id": "author_Somnath_Dey",
      "node_type": "author",
      "name": "Somnath Dey",
      "confidence": 1.0
    },
    {
      "id": "method_the",
      "node_type": "method",
      "name": "the",
      "confidence": 0.7
    },
    {
      "id": "method_our_approach_outperforms_recent",
      "node_type": "method",
      "name": "our approach outperforms recent",
      "confidence": 0.7
    },
    {
      "id": "author_Ran_Gong",
      "node_type": "author",
      "name": "Ran Gong",
      "confidence": 1.0
    },
    {
      "id": "author_Xiaohan_Zhang",
      "node_type": "author",
      "name": "Xiaohan Zhang",
      "confidence": 1.0
    },
    {
      "id": "author_Jinghuan_Shang",
      "node_type": "author",
      "name": "Jinghuan Shang",
      "confidence": 1.0
    },
    {
      "id": "author_Maria_Vittoria_Minniti",
      "node_type": "author",
      "name": "Maria Vittoria Minniti",
      "confidence": 1.0
    },
    {
      "id": "author_Jigarkumar_Patel",
      "node_type": "author",
      "name": "Jigarkumar Patel",
      "confidence": 1.0
    },
    {
      "id": "author_Valerio_Pepe",
      "node_type": "author",
      "name": "Valerio Pepe",
      "confidence": 1.0
    },
    {
      "id": "author_Riedana_Yan",
      "node_type": "author",
      "name": "Riedana Yan",
      "confidence": 1.0
    },
    {
      "id": "author_Ahmet_Gundogdu",
      "node_type": "author",
      "name": "Ahmet Gundogdu",
      "confidence": 1.0
    },
    {
      "id": "author_Ivan_Kapelyukh",
      "node_type": "author",
      "name": "Ivan Kapelyukh",
      "confidence": 1.0
    },
    {
      "id": "author_Ali_Abbas",
      "node_type": "author",
      "name": "Ali Abbas",
      "confidence": 1.0
    },
    {
      "id": "author_Xiaoqiang_Yan",
      "node_type": "author",
      "name": "Xiaoqiang Yan",
      "confidence": 1.0
    },
    {
      "id": "author_Harsh_Patel",
      "node_type": "author",
      "name": "Harsh Patel",
      "confidence": 1.0
    },
    {
      "id": "author_Laura_Herlant",
      "node_type": "author",
      "name": "Laura Herlant",
      "confidence": 1.0
    },
    {
      "id": "author_Karl_Schmeckpeper",
      "node_type": "author",
      "name": "Karl Schmeckpeper",
      "confidence": 1.0
    },
    {
      "id": "method_AnyTask",
      "node_type": "method",
      "name": "AnyTask",
      "confidence": 0.7
    },
    {
      "id": "method_hybrid_planning_and_learning",
      "node_type": "method",
      "name": "hybrid planning and learning",
      "confidence": 0.7
    },
    {
      "id": "author_Sarah_Rastegar",
      "node_type": "author",
      "name": "Sarah Rastegar",
      "confidence": 1.0
    },
    {
      "id": "author_Violeta_Chatalbasheva",
      "node_type": "author",
      "name": "Violeta Chatalbasheva",
      "confidence": 1.0
    },
    {
      "id": "author_Sieger_Falkena",
      "node_type": "author",
      "name": "Sieger Falkena",
      "confidence": 1.0
    },
    {
      "id": "author_Anuj_Singh",
      "node_type": "author",
      "name": "Anuj Singh",
      "confidence": 1.0
    },
    {
      "id": "author_Yanbo_Wang",
      "node_type": "author",
      "name": "Yanbo Wang",
      "confidence": 1.0
    },
    {
      "id": "author_Tejas_Gokhale",
      "node_type": "author",
      "name": "Tejas Gokhale",
      "confidence": 1.0
    },
    {
      "id": "author_Hamid_Palangi",
      "node_type": "author",
      "name": "Hamid Palangi",
      "confidence": 1.0
    },
    {
      "id": "author_Hadi_Jamali-Rad",
      "node_type": "author",
      "name": "Hadi Jamali-Rad",
      "confidence": 1.0
    },
    {
      "id": "method_InfSplign",
      "node_type": "method",
      "name": "InfSplign",
      "confidence": 0.7
    },
    {
      "id": "method_time",
      "node_type": "method",
      "name": "time",
      "confidence": 0.7
    },
    {
      "id": "author_Corey_M__Abramson",
      "node_type": "author",
      "name": "Corey M. Abramson",
      "confidence": 1.0
    },
    {
      "id": "category_cs.CY",
      "node_type": "category",
      "name": "cs.CY",
      "confidence": 1.0
    },
    {
      "id": "category_cs.HC",
      "node_type": "category",
      "name": "cs.HC",
      "confidence": 1.0
    },
    {
      "id": "category_stat.AP",
      "node_type": "category",
      "name": "stat.AP",
      "confidence": 1.0
    },
    {
      "id": "method_method",
      "node_type": "method",
      "name": "method",
      "confidence": 0.7
    },
    {
      "id": "method_Integrating_Computational",
      "node_type": "method",
      "name": "Integrating Computational",
      "confidence": 0.7
    },
    {
      "id": "author_Carlos_Vélez_García",
      "node_type": "author",
      "name": "Carlos Vélez García",
      "confidence": 1.0
    },
    {
      "id": "author_Miguel_Cazorla",
      "node_type": "author",
      "name": "Miguel Cazorla",
      "confidence": 1.0
    },
    {
      "id": "author_Jorge_Pomares",
      "node_type": "author",
      "name": "Jorge Pomares",
      "confidence": 1.0
    },
    {
      "id": "method_Planning_as_Descent",
      "node_type": "method",
      "name": "Planning as Descent",
      "confidence": 0.7
    },
    {
      "id": "method_strongly_outperforming_prior",
      "node_type": "method",
      "name": "strongly outperforming prior",
      "confidence": 0.7
    },
    {
      "id": "author_Yueru_Yan",
      "node_type": "author",
      "name": "Yueru Yan",
      "confidence": 1.0
    },
    {
      "id": "author_Tuc_Nguyen",
      "node_type": "author",
      "name": "Tuc Nguyen",
      "confidence": 1.0
    },
    {
      "id": "author_Bo_Su",
      "node_type": "author",
      "name": "Bo Su",
      "confidence": 1.0
    },
    {
      "id": "author_Melissa_Lieffers",
      "node_type": "author",
      "name": "Melissa Lieffers",
      "confidence": 1.0
    },
    {
      "id": "author_Thai_Le",
      "node_type": "author",
      "name": "Thai Le",
      "confidence": 1.0
    },
    {
      "id": "method_existing_public_datasets_treat",
      "node_type": "method",
      "name": "existing public datasets treat",
      "confidence": 0.7
    },
    {
      "id": "method_ShareChat",
      "node_type": "method",
      "name": "ShareChat",
      "confidence": 0.7
    },
    {
      "id": "author_Liam_Collins",
      "node_type": "author",
      "name": "Liam Collins",
      "confidence": 1.0
    },
    {
      "id": "author_Bhuvesh_Kumar",
      "node_type": "author",
      "name": "Bhuvesh Kumar",
      "confidence": 1.0
    },
    {
      "id": "author_Clark_Mingxuan_Ju",
      "node_type": "author",
      "name": "Clark Mingxuan Ju",
      "confidence": 1.0
    },
    {
      "id": "author_Tong_Zhao",
      "node_type": "author",
      "name": "Tong Zhao",
      "confidence": 1.0
    },
    {
      "id": "author_Donald_Loveland",
      "node_type": "author",
      "name": "Donald Loveland",
      "confidence": 1.0
    },
    {
      "id": "author_Leonardo_Neves",
      "node_type": "author",
      "name": "Leonardo Neves",
      "confidence": 1.0
    },
    {
      "id": "author_Neil_Shah",
      "node_type": "author",
      "name": "Neil Shah",
      "confidence": 1.0
    },
    {
      "id": "method_text_complementarity_through_independent",
      "node_type": "method",
      "name": "text complementarity through independent",
      "confidence": 0.7
    },
    {
      "id": "method_We_show_that_these",
      "node_type": "method",
      "name": "We show that these",
      "confidence": 0.7
    },
    {
      "id": "method_items",
      "node_type": "method",
      "name": "items",
      "confidence": 0.7
    },
    {
      "id": "author_Rolf_Drechsler",
      "node_type": "author",
      "name": "Rolf Drechsler",
      "confidence": 1.0
    },
    {
      "id": "author_Qian_Liu",
      "node_type": "author",
      "name": "Qian Liu",
      "confidence": 1.0
    },
    {
      "id": "category_cs.SE",
      "node_type": "category",
      "name": "cs.SE",
      "confidence": 1.0
    },
    {
      "id": "category_cs.AR",
      "node_type": "category",
      "name": "cs.AR",
      "confidence": 1.0
    },
    {
      "id": "concept_large_language_model",
      "node_type": "concept",
      "name": "large language model",
      "confidence": 0.7537024021148682
    },
    {
      "id": "method_based",
      "node_type": "method",
      "name": "based",
      "confidence": 0.7
    },
    {
      "id": "author_Gurinder_Singh",
      "node_type": "author",
      "name": "Gurinder Singh",
      "confidence": 1.0
    },
    {
      "id": "author_Thaddeus_Pellegrini",
      "node_type": "author",
      "name": "Thaddeus Pellegrini",
      "confidence": 1.0
    },
    {
      "id": "author_Kenneth_M__Merz,",
      "node_type": "author",
      "name": "Kenneth M. Merz,",
      "confidence": 1.0
    },
    {
      "id": "method_Code_and_pretrained",
      "node_type": "method",
      "name": "Code and pretrained",
      "confidence": 0.7
    }
  ],
  "edges": [
    {
      "source": "2512.17908v1",
      "target": "author_Ananta_R__Bhattarai",
      "relation": "authored_by",
      "weight": 1.0,
      "confidence": 1.0
    },
    {
      "source": "2512.17908v1",
      "target": "author_Helge_Rhodin",
      "relation": "authored_by",
      "weight": 1.0,
      "confidence": 1.0
    },
    {
      "source": "2512.17908v1",
      "target": "category_cs.CV",
      "relation": "belongs_to",
      "weight": 1.0,
      "confidence": 1.0
    },
    {
      "source": "2512.17908v1",
      "target": "category_cs.AI",
      "relation": "belongs_to",
      "weight": 1.0,
      "confidence": 1.0
    },
    {
      "source": "2512.17908v1",
      "target": "category_cs.LG",
      "relation": "belongs_to",
      "weight": 1.0,
      "confidence": 1.0
    },
    {
      "source": "2512.17908v1",
      "target": "method_synthesis",
      "relation": "uses_method",
      "weight": 0.7,
      "confidence": 0.7
    },
    {
      "source": "2512.17908v1",
      "target": "method_diffusion",
      "relation": "uses_method",
      "weight": 0.7,
      "confidence": 0.7
    },
    {
      "source": "2512.17908v1",
      "target": "method_Re",
      "relation": "uses_method",
      "weight": 0.7,
      "confidence": 0.7
    },
    {
      "source": "2512.17902v1",
      "target": "author_Jonathon_Fox",
      "relation": "authored_by",
      "weight": 1.0,
      "confidence": 1.0
    },
    {
      "source": "2512.17902v1",
      "target": "author_William_J_Buchanan",
      "relation": "authored_by",
      "weight": 1.0,
      "confidence": 1.0
    },
    {
      "source": "2512.17902v1",
      "target": "author_Pavlos_Papadopoulos",
      "relation": "authored_by",
      "weight": 1.0,
      "confidence": 1.0
    },
    {
      "source": "2512.17902v1",
      "target": "category_cs.CV",
      "relation": "belongs_to",
      "weight": 1.0,
      "confidence": 1.0
    },
    {
      "source": "2512.17902v1",
      "target": "category_cs.AI",
      "relation": "belongs_to",
      "weight": 1.0,
      "confidence": 1.0
    },
    {
      "source": "2512.17902v1",
      "target": "category_cs.CR",
      "relation": "belongs_to",
      "weight": 1.0,
      "confidence": 1.0
    },
    {
      "source": "2512.17901v1",
      "target": "author_Junyu_Zhang",
      "relation": "authored_by",
      "weight": 1.0,
      "confidence": 1.0
    },
    {
      "source": "2512.17901v1",
      "target": "author_Yifan_Sun",
      "relation": "authored_by",
      "weight": 1.0,
      "confidence": 1.0
    },
    {
      "source": "2512.17901v1",
      "target": "author_Tianang_Leng",
      "relation": "authored_by",
      "weight": 1.0,
      "confidence": 1.0
    },
    {
      "source": "2512.17901v1",
      "target": "author_Jingyan_Shen",
      "relation": "authored_by",
      "weight": 1.0,
      "confidence": 1.0
    },
    {
      "source": "2512.17901v1",
      "target": "author_Liu_Ziyin",
      "relation": "authored_by",
      "weight": 1.0,
      "confidence": 1.0
    },
    {
      "source": "2512.17901v1",
      "target": "author_Paul_Pu_Liang",
      "relation": "authored_by",
      "weight": 1.0,
      "confidence": 1.0
    },
    {
      "source": "2512.17901v1",
      "target": "author_Huan_Zhang",
      "relation": "authored_by",
      "weight": 1.0,
      "confidence": 1.0
    },
    {
      "source": "2512.17901v1",
      "target": "category_cs.AI",
      "relation": "belongs_to",
      "weight": 1.0,
      "confidence": 1.0
    },
    {
      "source": "2512.17901v1",
      "target": "category_cs.CL",
      "relation": "belongs_to",
      "weight": 1.0,
      "confidence": 1.0
    },
    {
      "source": "2512.17901v1",
      "target": "method_LoRe",
      "relation": "uses_method",
      "weight": 0.7,
      "confidence": 0.7
    },
    {
      "source": "2512.17899v1",
      "target": "author_Aditya_Gahlawat",
      "relation": "authored_by",
      "weight": 1.0,
      "confidence": 1.0
    },
    {
      "source": "2512.17899v1",
      "target": "author_Ahmed_Aboudonia",
      "relation": "authored_by",
      "weight": 1.0,
      "confidence": 1.0
    },
    {
      "source": "2512.17899v1",
      "target": "author_Sandeep_Banik",
      "relation": "authored_by",
      "weight": 1.0,
      "confidence": 1.0
    },
    {
      "source": "2512.17899v1",
      "target": "author_Naira_Hovakimyan",
      "relation": "authored_by",
      "weight": 1.0,
      "confidence": 1.0
    },
    {
      "source": "2512.17899v1",
      "target": "author_Nikolai_Matni",
      "relation": "authored_by",
      "weight": 1.0,
      "confidence": 1.0
    },
    {
      "source": "2512.17899v1",
      "target": "author_Aaron_D__Ames",
      "relation": "authored_by",
      "weight": 1.0,
      "confidence": 1.0
    },
    {
      "source": "2512.17899v1",
      "target": "author_Gioele_Zardini",
      "relation": "authored_by",
      "weight": 1.0,
      "confidence": 1.0
    },
    {
      "source": "2512.17899v1",
      "target": "author_Alberto_Speranzon",
      "relation": "authored_by",
      "weight": 1.0,
      "confidence": 1.0
    },
    {
      "source": "2512.17899v1",
      "target": "category_eess.SY",
      "relation": "belongs_to",
      "weight": 1.0,
      "confidence": 1.0
    },
    {
      "source": "2512.17899v1",
      "target": "category_cs.LG",
      "relation": "belongs_to",
      "weight": 1.0,
      "confidence": 1.0
    },
    {
      "source": "2512.17899v1",
      "target": "method_Our_previously_developed",
      "relation": "uses_method",
      "weight": 0.7,
      "confidence": 0.7
    },
    {
      "source": "2512.17899v1",
      "target": "method_with_certifiable",
      "relation": "uses_method",
      "weight": 0.7,
      "confidence": 0.7
    },
    {
      "source": "2512.17898v1",
      "target": "author_Robin_Schimmelpfennig",
      "relation": "authored_by",
      "weight": 1.0,
      "confidence": 1.0
    },
    {
      "source": "2512.17898v1",
      "target": "author_Mark_Díaz",
      "relation": "authored_by",
      "weight": 1.0,
      "confidence": 1.0
    },
    {
      "source": "2512.17898v1",
      "target": "author_Vinodkumar_Prabhakaran",
      "relation": "authored_by",
      "weight": 1.0,
      "confidence": 1.0
    },
    {
      "source": "2512.17898v1",
      "target": "author_Aida_Davani",
      "relation": "authored_by",
      "weight": 1.0,
      "confidence": 1.0
    },
    {
      "source": "2512.17898v1",
      "target": "category_cs.AI",
      "relation": "belongs_to",
      "weight": 1.0,
      "confidence": 1.0
    },
    {
      "source": "2512.17898v1",
      "target": "method_all",
      "relation": "uses_method",
      "weight": 0.7,
      "confidence": 0.7
    },
    {
      "source": "2512.17897v1",
      "target": "author_Tomer_Borreda",
      "relation": "authored_by",
      "weight": 1.0,
      "confidence": 1.0
    },
    {
      "source": "2512.17897v1",
      "target": "author_Fangqiang_Ding",
      "relation": "authored_by",
      "weight": 1.0,
      "confidence": 1.0
    },
    {
      "source": "2512.17897v1",
      "target": "author_Sanja_Fidler",
      "relation": "authored_by",
      "weight": 1.0,
      "confidence": 1.0
    },
    {
      "source": "2512.17897v1",
      "target": "author_Shengyu_Huang",
      "relation": "authored_by",
      "weight": 1.0,
      "confidence": 1.0
    },
    {
      "source": "2512.17897v1",
      "target": "author_Or_Litany",
      "relation": "authored_by",
      "weight": 1.0,
      "confidence": 1.0
    },
    {
      "source": "2512.17897v1",
      "target": "category_cs.CV",
      "relation": "belongs_to",
      "weight": 1.0,
      "confidence": 1.0
    },
    {
      "source": "2512.17897v1",
      "target": "category_cs.AI",
      "relation": "belongs_to",
      "weight": 1.0,
      "confidence": 1.0
    },
    {
      "source": "2512.17897v1",
      "target": "category_cs.LG",
      "relation": "belongs_to",
      "weight": 1.0,
      "confidence": 1.0
    },
    {
      "source": "2512.17897v1",
      "target": "category_cs.RO",
      "relation": "belongs_to",
      "weight": 1.0,
      "confidence": 1.0
    },
    {
      "source": "2512.17897v1",
      "target": "method_diffusion",
      "relation": "uses_method",
      "weight": 0.7,
      "confidence": 0.7
    },
    {
      "source": "2512.17897v1",
      "target": "method_RadarGen",
      "relation": "uses_method",
      "weight": 0.7,
      "confidence": 0.7
    },
    {
      "source": "2512.17893v1",
      "target": "author_Sven_Benjamin_Kožić",
      "relation": "authored_by",
      "weight": 1.0,
      "confidence": 1.0
    },
    {
      "source": "2512.17893v1",
      "target": "author_Vinko_Zlatić",
      "relation": "authored_by",
      "weight": 1.0,
      "confidence": 1.0
    },
    {
      "source": "2512.17893v1",
      "target": "author_Fabio_Franchini",
      "relation": "authored_by",
      "weight": 1.0,
      "confidence": 1.0
    },
    {
      "source": "2512.17893v1",
      "target": "author_Salvatore_Marco_Giampaolo",
      "relation": "authored_by",
      "weight": 1.0,
      "confidence": 1.0
    },
    {
      "source": "2512.17893v1",
      "target": "category_quant-ph",
      "relation": "belongs_to",
      "weight": 1.0,
      "confidence": 1.0
    },
    {
      "source": "2512.17893v1",
      "target": "category_cs.AI",
      "relation": "belongs_to",
      "weight": 1.0,
      "confidence": 1.0
    },
    {
      "source": "2512.17893v1",
      "target": "method_aware",
      "relation": "uses_method",
      "weight": 0.7,
      "confidence": 0.7
    },
    {
      "source": "2512.17893v1",
      "target": "method_dimensional_Ising",
      "relation": "uses_method",
      "weight": 0.7,
      "confidence": 0.7
    },
    {
      "source": "2512.17893v1",
      "target": "method_wavefunctions_of_quantum_many",
      "relation": "uses_method",
      "weight": 0.7,
      "confidence": 0.7
    },
    {
      "source": "2512.17884v1",
      "target": "author_Xinyue_Yu",
      "relation": "authored_by",
      "weight": 1.0,
      "confidence": 1.0
    },
    {
      "source": "2512.17884v1",
      "target": "author_Hayden_Schaeffer",
      "relation": "authored_by",
      "weight": 1.0,
      "confidence": 1.0
    },
    {
      "source": "2512.17884v1",
      "target": "category_cs.LG",
      "relation": "belongs_to",
      "weight": 1.0,
      "confidence": 1.0
    },
    {
      "source": "2512.17884v1",
      "target": "category_math.NA",
      "relation": "belongs_to",
      "weight": 1.0,
      "confidence": 1.0
    },
    {
      "source": "2512.17884v1",
      "target": "category_stat.ML",
      "relation": "belongs_to",
      "weight": 1.0,
      "confidence": 1.0
    },
    {
      "source": "2512.17884v1",
      "target": "method_The",
      "relation": "uses_method",
      "weight": 0.7,
      "confidence": 0.7
    },
    {
      "source": "2512.17878v1",
      "target": "author_Herlock_Rahimi",
      "relation": "authored_by",
      "weight": 1.0,
      "confidence": 1.0
    },
    {
      "source": "2512.17878v1",
      "target": "category_cs.LG",
      "relation": "belongs_to",
      "weight": 1.0,
      "confidence": 1.0
    },
    {
      "source": "2512.17878v1",
      "target": "category_cs.AI",
      "relation": "belongs_to",
      "weight": 1.0,
      "confidence": 1.0
    },
    {
      "source": "2512.17878v1",
      "target": "category_stat.ML",
      "relation": "belongs_to",
      "weight": 1.0,
      "confidence": 1.0
    },
    {
      "source": "2512.17878v1",
      "target": "method_These",
      "relation": "uses_method",
      "weight": 0.7,
      "confidence": 0.7
    },
    {
      "source": "2512.17878v1",
      "target": "method_Since_many_practical_generative",
      "relation": "uses_method",
      "weight": 0.7,
      "confidence": 0.7
    },
    {
      "source": "2512.17877v1",
      "target": "author_Tim_Whittaker",
      "relation": "authored_by",
      "weight": 1.0,
      "confidence": 1.0
    },
    {
      "source": "2512.17877v1",
      "target": "author_Seth_Taylor",
      "relation": "authored_by",
      "weight": 1.0,
      "confidence": 1.0
    },
    {
      "source": "2512.17877v1",
      "target": "author_Elsa_Cardoso-Bihlo",
      "relation": "authored_by",
      "weight": 1.0,
      "confidence": 1.0
    },
    {
      "source": "2512.17877v1",
      "target": "author_Alejandro_Di_Luca",
      "relation": "authored_by",
      "weight": 1.0,
      "confidence": 1.0
    },
    {
      "source": "2512.17877v1",
      "target": "author_Alex_Bihlo",
      "relation": "authored_by",
      "weight": 1.0,
      "confidence": 1.0
    },
    {
      "source": "2512.17877v1",
      "target": "category_physics.ao-ph",
      "relation": "belongs_to",
      "weight": 1.0,
      "confidence": 1.0
    },
    {
      "source": "2512.17877v1",
      "target": "category_cs.LG",
      "relation": "belongs_to",
      "weight": 1.0,
      "confidence": 1.0
    },
    {
      "source": "2512.17877v1",
      "target": "category_physics.flu-dyn",
      "relation": "belongs_to",
      "weight": 1.0,
      "confidence": 1.0
    },
    {
      "source": "2512.17877v1",
      "target": "method_key_feature_of_our",
      "relation": "uses_method",
      "weight": 0.7,
      "confidence": 0.7
    },
    {
      "source": "2512.17877v1",
      "target": "method_an_end",
      "relation": "uses_method",
      "weight": 0.7,
      "confidence": 0.7
    },
    {
      "source": "2512.17877v1",
      "target": "method_following_coordinates_in_atmospheric",
      "relation": "uses_method",
      "weight": 0.7,
      "confidence": 0.7
    },
    {
      "source": "2512.17875v1",
      "target": "author_Haiwen_Feng",
      "relation": "authored_by",
      "weight": 1.0,
      "confidence": 1.0
    },
    {
      "source": "2512.17875v1",
      "target": "author_Long_Lian",
      "relation": "authored_by",
      "weight": 1.0,
      "confidence": 1.0
    },
    {
      "source": "2512.17875v1",
      "target": "author_Lisa_Dunlap",
      "relation": "authored_by",
      "weight": 1.0,
      "confidence": 1.0
    },
    {
      "source": "2512.17875v1",
      "target": "author_Jiahao_Shu",
      "relation": "authored_by",
      "weight": 1.0,
      "confidence": 1.0
    },
    {
      "source": "2512.17875v1",
      "target": "author_XuDong_Wang",
      "relation": "authored_by",
      "weight": 1.0,
      "confidence": 1.0
    },
    {
      "source": "2512.17875v1",
      "target": "author_Renhao_Wang",
      "relation": "authored_by",
      "weight": 1.0,
      "confidence": 1.0
    },
    {
      "source": "2512.17875v1",
      "target": "author_Trevor_Darrell",
      "relation": "authored_by",
      "weight": 1.0,
      "confidence": 1.0
    },
    {
      "source": "2512.17875v1",
      "target": "author_Alane_Suhr",
      "relation": "authored_by",
      "weight": 1.0,
      "confidence": 1.0
    },
    {
      "source": "2512.17875v1",
      "target": "author_Angjoo_Kanazawa",
      "relation": "authored_by",
      "weight": 1.0,
      "confidence": 1.0
    },
    {
      "source": "2512.17875v1",
      "target": "category_cs.CV",
      "relation": "belongs_to",
      "weight": 1.0,
      "confidence": 1.0
    },
    {
      "source": "2512.17875v1",
      "target": "category_cs.LG",
      "relation": "belongs_to",
      "weight": 1.0,
      "confidence": 1.0
    },
    {
      "source": "2512.17875v1",
      "target": "method_can_also_cause",
      "relation": "uses_method",
      "weight": 0.7,
      "confidence": 0.7
    },
    {
      "source": "2512.17875v1",
      "target": "method_significant_influence_on",
      "relation": "uses_method",
      "weight": 0.7,
      "confidence": 0.7
    },
    {
      "source": "2512.17875v1",
      "target": "method_we_find_that_existing",
      "relation": "uses_method",
      "weight": 0.7,
      "confidence": 0.7
    },
    {
      "source": "2512.17864v1",
      "target": "author_Balram_Singh",
      "relation": "authored_by",
      "weight": 1.0,
      "confidence": 1.0
    },
    {
      "source": "2512.17864v1",
      "target": "author_Ram_Prakash_Sharma",
      "relation": "authored_by",
      "weight": 1.0,
      "confidence": 1.0
    },
    {
      "source": "2512.17864v1",
      "target": "author_Somnath_Dey",
      "relation": "authored_by",
      "weight": 1.0,
      "confidence": 1.0
    },
    {
      "source": "2512.17864v1",
      "target": "category_cs.CV",
      "relation": "belongs_to",
      "weight": 1.0,
      "confidence": 1.0
    },
    {
      "source": "2512.17864v1",
      "target": "category_cs.AI",
      "relation": "belongs_to",
      "weight": 1.0,
      "confidence": 1.0
    },
    {
      "source": "2512.17864v1",
      "target": "method_the",
      "relation": "uses_method",
      "weight": 0.7,
      "confidence": 0.7
    },
    {
      "source": "2512.17864v1",
      "target": "method_our_approach_outperforms_recent",
      "relation": "uses_method",
      "weight": 0.7,
      "confidence": 0.7
    },
    {
      "source": "2512.17853v1",
      "target": "author_Ran_Gong",
      "relation": "authored_by",
      "weight": 1.0,
      "confidence": 1.0
    },
    {
      "source": "2512.17853v1",
      "target": "author_Xiaohan_Zhang",
      "relation": "authored_by",
      "weight": 1.0,
      "confidence": 1.0
    },
    {
      "source": "2512.17853v1",
      "target": "author_Jinghuan_Shang",
      "relation": "authored_by",
      "weight": 1.0,
      "confidence": 1.0
    },
    {
      "source": "2512.17853v1",
      "target": "author_Maria_Vittoria_Minniti",
      "relation": "authored_by",
      "weight": 1.0,
      "confidence": 1.0
    },
    {
      "source": "2512.17853v1",
      "target": "author_Jigarkumar_Patel",
      "relation": "authored_by",
      "weight": 1.0,
      "confidence": 1.0
    },
    {
      "source": "2512.17853v1",
      "target": "author_Valerio_Pepe",
      "relation": "authored_by",
      "weight": 1.0,
      "confidence": 1.0
    },
    {
      "source": "2512.17853v1",
      "target": "author_Riedana_Yan",
      "relation": "authored_by",
      "weight": 1.0,
      "confidence": 1.0
    },
    {
      "source": "2512.17853v1",
      "target": "author_Ahmet_Gundogdu",
      "relation": "authored_by",
      "weight": 1.0,
      "confidence": 1.0
    },
    {
      "source": "2512.17853v1",
      "target": "author_Ivan_Kapelyukh",
      "relation": "authored_by",
      "weight": 1.0,
      "confidence": 1.0
    },
    {
      "source": "2512.17853v1",
      "target": "author_Ali_Abbas",
      "relation": "authored_by",
      "weight": 1.0,
      "confidence": 1.0
    },
    {
      "source": "2512.17853v1",
      "target": "author_Xiaoqiang_Yan",
      "relation": "authored_by",
      "weight": 1.0,
      "confidence": 1.0
    },
    {
      "source": "2512.17853v1",
      "target": "author_Harsh_Patel",
      "relation": "authored_by",
      "weight": 1.0,
      "confidence": 1.0
    },
    {
      "source": "2512.17853v1",
      "target": "author_Laura_Herlant",
      "relation": "authored_by",
      "weight": 1.0,
      "confidence": 1.0
    },
    {
      "source": "2512.17853v1",
      "target": "author_Karl_Schmeckpeper",
      "relation": "authored_by",
      "weight": 1.0,
      "confidence": 1.0
    },
    {
      "source": "2512.17853v1",
      "target": "category_cs.RO",
      "relation": "belongs_to",
      "weight": 1.0,
      "confidence": 1.0
    },
    {
      "source": "2512.17853v1",
      "target": "category_cs.AI",
      "relation": "belongs_to",
      "weight": 1.0,
      "confidence": 1.0
    },
    {
      "source": "2512.17853v1",
      "target": "method_AnyTask",
      "relation": "uses_method",
      "weight": 0.7,
      "confidence": 0.7
    },
    {
      "source": "2512.17853v1",
      "target": "method_hybrid_planning_and_learning",
      "relation": "uses_method",
      "weight": 0.7,
      "confidence": 0.7
    },
    {
      "source": "2512.17851v1",
      "target": "author_Sarah_Rastegar",
      "relation": "authored_by",
      "weight": 1.0,
      "confidence": 1.0
    },
    {
      "source": "2512.17851v1",
      "target": "author_Violeta_Chatalbasheva",
      "relation": "authored_by",
      "weight": 1.0,
      "confidence": 1.0
    },
    {
      "source": "2512.17851v1",
      "target": "author_Sieger_Falkena",
      "relation": "authored_by",
      "weight": 1.0,
      "confidence": 1.0
    },
    {
      "source": "2512.17851v1",
      "target": "author_Anuj_Singh",
      "relation": "authored_by",
      "weight": 1.0,
      "confidence": 1.0
    },
    {
      "source": "2512.17851v1",
      "target": "author_Yanbo_Wang",
      "relation": "authored_by",
      "weight": 1.0,
      "confidence": 1.0
    },
    {
      "source": "2512.17851v1",
      "target": "author_Tejas_Gokhale",
      "relation": "authored_by",
      "weight": 1.0,
      "confidence": 1.0
    },
    {
      "source": "2512.17851v1",
      "target": "author_Hamid_Palangi",
      "relation": "authored_by",
      "weight": 1.0,
      "confidence": 1.0
    },
    {
      "source": "2512.17851v1",
      "target": "author_Hadi_Jamali-Rad",
      "relation": "authored_by",
      "weight": 1.0,
      "confidence": 1.0
    },
    {
      "source": "2512.17851v1",
      "target": "category_cs.CV",
      "relation": "belongs_to",
      "weight": 1.0,
      "confidence": 1.0
    },
    {
      "source": "2512.17851v1",
      "target": "category_cs.AI",
      "relation": "belongs_to",
      "weight": 1.0,
      "confidence": 1.0
    },
    {
      "source": "2512.17851v1",
      "target": "method_InfSplign",
      "relation": "uses_method",
      "weight": 0.7,
      "confidence": 0.7
    },
    {
      "source": "2512.17851v1",
      "target": "method_diffusion",
      "relation": "uses_method",
      "weight": 0.7,
      "confidence": 0.7
    },
    {
      "source": "2512.17851v1",
      "target": "method_time",
      "relation": "uses_method",
      "weight": 0.7,
      "confidence": 0.7
    },
    {
      "source": "2512.17850v1",
      "target": "author_Corey_M__Abramson",
      "relation": "authored_by",
      "weight": 1.0,
      "confidence": 1.0
    },
    {
      "source": "2512.17850v1",
      "target": "category_cs.CY",
      "relation": "belongs_to",
      "weight": 1.0,
      "confidence": 1.0
    },
    {
      "source": "2512.17850v1",
      "target": "category_cs.AI",
      "relation": "belongs_to",
      "weight": 1.0,
      "confidence": 1.0
    },
    {
      "source": "2512.17850v1",
      "target": "category_cs.HC",
      "relation": "belongs_to",
      "weight": 1.0,
      "confidence": 1.0
    },
    {
      "source": "2512.17850v1",
      "target": "category_stat.AP",
      "relation": "belongs_to",
      "weight": 1.0,
      "confidence": 1.0
    },
    {
      "source": "2512.17850v1",
      "target": "method_method",
      "relation": "uses_method",
      "weight": 0.7,
      "confidence": 0.7
    },
    {
      "source": "2512.17850v1",
      "target": "method_the",
      "relation": "uses_method",
      "weight": 0.7,
      "confidence": 0.7
    },
    {
      "source": "2512.17850v1",
      "target": "method_Integrating_Computational",
      "relation": "uses_method",
      "weight": 0.7,
      "confidence": 0.7
    },
    {
      "source": "2512.17846v1",
      "target": "author_Carlos_Vélez_García",
      "relation": "authored_by",
      "weight": 1.0,
      "confidence": 1.0
    },
    {
      "source": "2512.17846v1",
      "target": "author_Miguel_Cazorla",
      "relation": "authored_by",
      "weight": 1.0,
      "confidence": 1.0
    },
    {
      "source": "2512.17846v1",
      "target": "author_Jorge_Pomares",
      "relation": "authored_by",
      "weight": 1.0,
      "confidence": 1.0
    },
    {
      "source": "2512.17846v1",
      "target": "category_cs.RO",
      "relation": "belongs_to",
      "weight": 1.0,
      "confidence": 1.0
    },
    {
      "source": "2512.17846v1",
      "target": "category_cs.AI",
      "relation": "belongs_to",
      "weight": 1.0,
      "confidence": 1.0
    },
    {
      "source": "2512.17846v1",
      "target": "method_Planning_as_Descent",
      "relation": "uses_method",
      "weight": 0.7,
      "confidence": 0.7
    },
    {
      "source": "2512.17846v1",
      "target": "method_strongly_outperforming_prior",
      "relation": "uses_method",
      "weight": 0.7,
      "confidence": 0.7
    },
    {
      "source": "2512.17843v1",
      "target": "author_Yueru_Yan",
      "relation": "authored_by",
      "weight": 1.0,
      "confidence": 1.0
    },
    {
      "source": "2512.17843v1",
      "target": "author_Tuc_Nguyen",
      "relation": "authored_by",
      "weight": 1.0,
      "confidence": 1.0
    },
    {
      "source": "2512.17843v1",
      "target": "author_Bo_Su",
      "relation": "authored_by",
      "weight": 1.0,
      "confidence": 1.0
    },
    {
      "source": "2512.17843v1",
      "target": "author_Melissa_Lieffers",
      "relation": "authored_by",
      "weight": 1.0,
      "confidence": 1.0
    },
    {
      "source": "2512.17843v1",
      "target": "author_Thai_Le",
      "relation": "authored_by",
      "weight": 1.0,
      "confidence": 1.0
    },
    {
      "source": "2512.17843v1",
      "target": "category_cs.CL",
      "relation": "belongs_to",
      "weight": 1.0,
      "confidence": 1.0
    },
    {
      "source": "2512.17843v1",
      "target": "category_cs.AI",
      "relation": "belongs_to",
      "weight": 1.0,
      "confidence": 1.0
    },
    {
      "source": "2512.17843v1",
      "target": "category_cs.HC",
      "relation": "belongs_to",
      "weight": 1.0,
      "confidence": 1.0
    },
    {
      "source": "2512.17843v1",
      "target": "method_existing_public_datasets_treat",
      "relation": "uses_method",
      "weight": 0.7,
      "confidence": 0.7
    },
    {
      "source": "2512.17843v1",
      "target": "method_ShareChat",
      "relation": "uses_method",
      "weight": 0.7,
      "confidence": 0.7
    },
    {
      "source": "2512.17820v1",
      "target": "author_Liam_Collins",
      "relation": "authored_by",
      "weight": 1.0,
      "confidence": 1.0
    },
    {
      "source": "2512.17820v1",
      "target": "author_Bhuvesh_Kumar",
      "relation": "authored_by",
      "weight": 1.0,
      "confidence": 1.0
    },
    {
      "source": "2512.17820v1",
      "target": "author_Clark_Mingxuan_Ju",
      "relation": "authored_by",
      "weight": 1.0,
      "confidence": 1.0
    },
    {
      "source": "2512.17820v1",
      "target": "author_Tong_Zhao",
      "relation": "authored_by",
      "weight": 1.0,
      "confidence": 1.0
    },
    {
      "source": "2512.17820v1",
      "target": "author_Donald_Loveland",
      "relation": "authored_by",
      "weight": 1.0,
      "confidence": 1.0
    },
    {
      "source": "2512.17820v1",
      "target": "author_Leonardo_Neves",
      "relation": "authored_by",
      "weight": 1.0,
      "confidence": 1.0
    },
    {
      "source": "2512.17820v1",
      "target": "author_Neil_Shah",
      "relation": "authored_by",
      "weight": 1.0,
      "confidence": 1.0
    },
    {
      "source": "2512.17820v1",
      "target": "category_cs.LG",
      "relation": "belongs_to",
      "weight": 1.0,
      "confidence": 1.0
    },
    {
      "source": "2512.17820v1",
      "target": "method_text_complementarity_through_independent",
      "relation": "uses_method",
      "weight": 0.7,
      "confidence": 0.7
    },
    {
      "source": "2512.17820v1",
      "target": "method_We_show_that_these",
      "relation": "uses_method",
      "weight": 0.7,
      "confidence": 0.7
    },
    {
      "source": "2512.17820v1",
      "target": "method_items",
      "relation": "uses_method",
      "weight": 0.7,
      "confidence": 0.7
    },
    {
      "source": "2512.17814v1",
      "target": "author_Rolf_Drechsler",
      "relation": "authored_by",
      "weight": 1.0,
      "confidence": 1.0
    },
    {
      "source": "2512.17814v1",
      "target": "author_Qian_Liu",
      "relation": "authored_by",
      "weight": 1.0,
      "confidence": 1.0
    },
    {
      "source": "2512.17814v1",
      "target": "category_cs.SE",
      "relation": "belongs_to",
      "weight": 1.0,
      "confidence": 1.0
    },
    {
      "source": "2512.17814v1",
      "target": "category_cs.AI",
      "relation": "belongs_to",
      "weight": 1.0,
      "confidence": 1.0
    },
    {
      "source": "2512.17814v1",
      "target": "category_cs.AR",
      "relation": "belongs_to",
      "weight": 1.0,
      "confidence": 1.0
    },
    {
      "source": "2512.17814v1",
      "target": "concept_large_language_model",
      "relation": "discusses",
      "weight": 0.7537024021148682,
      "confidence": 0.7537024021148682
    },
    {
      "source": "2512.17814v1",
      "target": "method_based",
      "relation": "uses_method",
      "weight": 0.7,
      "confidence": 0.7
    },
    {
      "source": "2512.17800v1",
      "target": "author_Gurinder_Singh",
      "relation": "authored_by",
      "weight": 1.0,
      "confidence": 1.0
    },
    {
      "source": "2512.17800v1",
      "target": "author_Thaddeus_Pellegrini",
      "relation": "authored_by",
      "weight": 1.0,
      "confidence": 1.0
    },
    {
      "source": "2512.17800v1",
      "target": "author_Kenneth_M__Merz,",
      "relation": "authored_by",
      "weight": 1.0,
      "confidence": 1.0
    },
    {
      "source": "2512.17800v1",
      "target": "category_quant-ph",
      "relation": "belongs_to",
      "weight": 1.0,
      "confidence": 1.0
    },
    {
      "source": "2512.17800v1",
      "target": "category_cs.LG",
      "relation": "belongs_to",
      "weight": 1.0,
      "confidence": 1.0
    },
    {
      "source": "2512.17800v1",
      "target": "method_Code_and_pretrained",
      "relation": "uses_method",
      "weight": 0.7,
      "confidence": 0.7
    }
  ]
}