[
  {
    "id": "2512.20618v1",
    "title": "LongVideoAgent: Multi-Agent Reasoning with Long Videos",
    "authors": [
      "Runtao Liu",
      "Ziyi Liu",
      "Jiaqi Tang",
      "Yue Ma",
      "Renjie Pi",
      "Jipeng Zhang",
      "Qifeng Chen"
    ],
    "summary": "Recent advances in multimodal LLMs and systems that use tools for long-video QA point to the promise of reasoning over hour-long episodes. However, many methods still compress content into lossy summaries or rely on limited toolsets, weakening temporal grounding and missing fine-grained cues. We propose a multi-agent framework in which a master LLM coordinates a grounding agent to localize question-relevant segments and a vision agent to extract targeted textual observations. The master agent plans with a step limit, and is trained with reinforcement learning to encourage concise, correct, and efficient multi-agent cooperation. This design helps the master agent focus on relevant clips via grounding, complements subtitles with visual detail, and yields interpretable trajectories. On our proposed LongTVQA and LongTVQA+ which are episode-level datasets aggregated from TVQA/TVQA+, our multi-agent system significantly outperforms strong non-agent baselines. Experiments also show reinforcement learning further strengthens reasoning and planning for the trained agent. Code and data will be shared at https://longvideoagent.github.io/.",
    "published": "2025-12-23T18:59:49+00:00",
    "updated": "2025-12-23T18:59:49+00:00",
    "categories": [
      "cs.AI",
      "cs.CV",
      "cs.LG",
      "cs.MA"
    ],
    "pdf_url": "https://arxiv.org/pdf/2512.20618v1",
    "primary_category": "cs.AI",
    "url": "http://arxiv.org/abs/2512.20618v1"
  },
  {
    "id": "2512.20612v1",
    "title": "Making Large Language Models Efficient Dense Retrievers",
    "authors": [
      "Yibin Lei",
      "Shwai He",
      "Ang Li",
      "Andrew Yates"
    ],
    "summary": "Recent work has shown that directly fine-tuning large language models (LLMs) for dense retrieval yields strong performance, but their substantial parameter counts make them computationally inefficient. While prior studies have revealed significant layer redundancy in LLMs for generative tasks, it remains unclear whether similar redundancy exists when these models are adapted for retrieval tasks, which require encoding entire sequences into fixed representations rather than generating tokens iteratively. To this end, we conduct a comprehensive analysis of layer redundancy in LLM-based dense retrievers. We find that, in contrast to generative settings, MLP layers are substantially more prunable, while attention layers remain critical for semantic aggregation. Building on this insight, we propose EffiR, a framework for developing efficient retrievers that performs large-scale MLP compression through a coarse-to-fine strategy (coarse-grained depth reduction followed by fine-grained width reduction), combined with retrieval-specific fine-tuning. Across diverse BEIR datasets and LLM backbones, EffiR achieves substantial reductions in model size and inference cost while preserving the performance of full-size models.",
    "published": "2025-12-23T18:58:25+00:00",
    "updated": "2025-12-23T18:58:25+00:00",
    "categories": [
      "cs.IR",
      "cs.CL"
    ],
    "pdf_url": "https://arxiv.org/pdf/2512.20612v1",
    "primary_category": "cs.IR",
    "url": "http://arxiv.org/abs/2512.20612v1"
  },
  {
    "id": "2512.20610v1",
    "title": "FedPOD: the deployable units of training for federated learning",
    "authors": [
      "Daewoon Kim",
      "Si Young Yie",
      "Jae Sung Lee"
    ],
    "summary": "This paper proposes FedPOD (Proportionally Orchestrated Derivative) for optimizing learning efficiency and communication cost in federated learning among multiple clients. Inspired by FedPIDAvg, we define a round-wise task for FedPOD to enhance training efficiency. FedPIDAvg achieved performance improvement by incorporating the training loss reduction for prediction entropy as weights using differential terms. Furthermore, by modeling data distribution with a Poisson distribution and using a PID controller, it reduced communication costs even in skewed data distribution. However, excluding participants classified as outliers based on the Poisson distribution can limit data utilization. Additionally, PID controller requires the same participants to be maintained throughout the federated learning process as it uses previous rounds' learning information in the current round. In our approach, FedPOD addresses these issues by including participants excluded as outliers, eliminating dependency on previous rounds' learning information, and applying a method for calculating validation loss at each round. In this challenge, FedPOD presents comparable performance to FedPIDAvg in metrics of Dice score, 0.78, 0.71 and 0.72 for WT, ET and TC in average, and projected convergence score, 0.74 in average. Furthermore, the concept of FedPOD draws inspiration from Kubernetes' smallest computing unit, POD, designed to be compatible with Kubernetes auto-scaling. Extending round-wise tasks of FedPOD to POD units allows flexible design by applying scale-out similar to Kubernetes' auto-scaling. This work demonstrated the potentials of FedPOD to enhance federated learning by improving efficiency, flexibility, and performance in metrics.",
    "published": "2025-12-23T18:57:53+00:00",
    "updated": "2025-12-23T18:57:53+00:00",
    "categories": [
      "cs.CV",
      "cs.LG"
    ],
    "pdf_url": "https://arxiv.org/pdf/2512.20610v1",
    "primary_category": "cs.CV",
    "url": "http://arxiv.org/abs/2512.20610v1"
  },
  {
    "id": "2512.20607v1",
    "title": "Saddle-to-Saddle Dynamics Explains A Simplicity Bias Across Neural Network Architectures",
    "authors": [
      "Yedi Zhang",
      "Andrew Saxe",
      "Peter E. Latham"
    ],
    "summary": "Neural networks trained with gradient descent often learn solutions of increasing complexity over time, a phenomenon known as simplicity bias. Despite being widely observed across architectures, existing theoretical treatments lack a unifying framework. We present a theoretical framework that explains a simplicity bias arising from saddle-to-saddle learning dynamics for a general class of neural networks, incorporating fully-connected, convolutional, and attention-based architectures. Here, simple means expressible with few hidden units, i.e., hidden neurons, convolutional kernels, or attention heads. Specifically, we show that linear networks learn solutions of increasing rank, ReLU networks learn solutions with an increasing number of kinks, convolutional networks learn solutions with an increasing number of convolutional kernels, and self-attention models learn solutions with an increasing number of attention heads. By analyzing fixed points, invariant manifolds, and dynamics of gradient descent learning, we show that saddle-to-saddle dynamics operates by iteratively evolving near an invariant manifold, approaching a saddle, and switching to another invariant manifold. Our analysis also illuminates the effects of data distribution and weight initialization on the duration and number of plateaus in learning, dissociating previously confounding factors. Overall, our theory offers a framework for understanding when and why gradient descent progressively learns increasingly complex solutions.",
    "published": "2025-12-23T18:55:30+00:00",
    "updated": "2025-12-23T18:55:30+00:00",
    "categories": [
      "cs.LG"
    ],
    "pdf_url": "https://arxiv.org/pdf/2512.20607v1",
    "primary_category": "cs.LG",
    "url": "http://arxiv.org/abs/2512.20607v1"
  },
  {
    "id": "2512.20605v1",
    "title": "Emergent temporal abstractions in autoregressive models enable hierarchical reinforcement learning",
    "authors": [
      "Seijin Kobayashi",
      "Yanick Schimpf",
      "Maximilian Schlegel",
      "Angelika Steger",
      "Maciej Wolczyk",
      "Johannes von Oswald",
      "Nino Scherre",
      "Kaitlin Maile",
      "Guillaume Lajoie",
      "Blake A. Richards",
      "Rif A. Saurous",
      "James Manyika",
      "Blaise Agüera y Arcas",
      "Alexander Meulemans",
      "João Sacramento"
    ],
    "summary": "Large-scale autoregressive models pretrained on next-token prediction and finetuned with reinforcement learning (RL) have achieved unprecedented success on many problem domains. During RL, these models explore by generating new outputs, one token at a time. However, sampling actions token-by-token can result in highly inefficient learning, particularly when rewards are sparse. Here, we show that it is possible to overcome this problem by acting and exploring within the internal representations of an autoregressive model. Specifically, to discover temporally-abstract actions, we introduce a higher-order, non-causal sequence model whose outputs control the residual stream activations of a base autoregressive model. On grid world and MuJoCo-based tasks with hierarchical structure, we find that the higher-order model learns to compress long activation sequence chunks onto internal controllers. Critically, each controller executes a sequence of behaviorally meaningful actions that unfold over long timescales and are accompanied with a learned termination condition, such that composing multiple controllers over time leads to efficient exploration on novel tasks. We show that direct internal controller reinforcement, a process we term \"internal RL\", enables learning from sparse rewards in cases where standard RL finetuning fails. Our results demonstrate the benefits of latent action generation and reinforcement in autoregressive models, suggesting internal RL as a promising avenue for realizing hierarchical RL within foundation models.",
    "published": "2025-12-23T18:51:50+00:00",
    "updated": "2025-12-23T18:51:50+00:00",
    "categories": [
      "cs.LG",
      "cs.AI"
    ],
    "pdf_url": "https://arxiv.org/pdf/2512.20605v1",
    "primary_category": "cs.LG",
    "url": "http://arxiv.org/abs/2512.20605v1"
  },
  {
    "id": "2512.20604v1",
    "title": "MoE-DiffuSeq: Enhancing Long-Document Diffusion Models with Sparse Attention and Mixture of Experts",
    "authors": [
      "Alexandros Christoforos",
      "Chadbourne Davis"
    ],
    "summary": "We present MoE-DiffuSeq, a mixture of experts based framework for enhancing diffusion models in long document generation. Existing diffusion based text generation models, such as DiffuSeq, suffer from high computational cost and memory overhead when applied to extended sequences. To address these challenges, MoE-DiffuSeq integrates sparse attention with a mixture of experts architecture, enabling efficient and scalable long sequence modeling. Our approach introduces a customized sparse attention mechanism designed to reduce computational complexity while preserving text quality and coherence. In addition, we incorporate a soft absorbing state within the diffusion process to accelerate sequence reconstruction and improve generation precision. Extensive experiments demonstrate that MoE-DiffuSeq significantly improves training efficiency and sampling speed compared to existing diffusion models. These advantages are particularly effective for long document scenarios, including scientific article generation, code repository modeling, and long form dialogue generation. Benchmark results further show that MoE-DiffuSeq improves efficiency, speed, accuracy, and expressiveness, advancing the practical applicability of diffusion models for high quality long form text generation.",
    "published": "2025-12-23T18:50:54+00:00",
    "updated": "2025-12-23T18:50:54+00:00",
    "categories": [
      "cs.CL"
    ],
    "pdf_url": "https://arxiv.org/pdf/2512.20604v1",
    "primary_category": "cs.CL",
    "url": "http://arxiv.org/abs/2512.20604v1"
  },
  {
    "id": "2512.20595v1",
    "title": "Cube Bench: A Benchmark for Spatial Visual Reasoning in MLLMs",
    "authors": [
      "Dhruv Anand",
      "Ehsan Shareghi"
    ],
    "summary": "We introduce Cube Bench, a Rubik's-cube benchmark for evaluating spatial and sequential reasoning in multimodal large language models (MLLMs). The benchmark decomposes performance into five skills: (i) reconstructing cube faces from images and text, (ii) choosing the optimal next move, (iii) predicting the outcome of a candidate move without applying it, (iv) executing multi-step plans while recovering from mistakes, and (v) detecting and revising one's own errors. Using a shared set of scrambled cube states, identical prompts and parsers, and a single distance-to-solved metric, we compare recent MLLMs side by side as a function of scramble depth. Across seven MLLMs, accuracy drops sharply with depth; once a trajectory stalls or diverges, models rarely recover, and high face-reconstruction accuracy does not guarantee competent action selection or multi-step execution. A pronounced closed- vs open-source gap emerges: the strongest closed model leads on both single-step perception tasks and multi-step control tasks, while open-weight models cluster near chance on the hardest settings; yet even the best MLLM degrades at higher cube complexity. A simple self-correction via reflective thinking yields modest gains but can also introduce overthinking. Cube Bench offers a compact, reproducible probe of sequential spatial reasoning in MLLMs.",
    "published": "2025-12-23T18:43:05+00:00",
    "updated": "2025-12-23T18:43:05+00:00",
    "categories": [
      "cs.CL",
      "cs.AI",
      "cs.CV"
    ],
    "pdf_url": "https://arxiv.org/pdf/2512.20595v1",
    "primary_category": "cs.CL",
    "url": "http://arxiv.org/abs/2512.20595v1"
  },
  {
    "id": "2512.20589v1",
    "title": "Leveraging High-Fidelity Digital Models and Reinforcement Learning for Mission Engineering: A Case Study of Aerial Firefighting Under Perfect Information",
    "authors": [
      "İbrahim Oğuz Çetinkaya",
      "Sajad Khodadadian",
      "Taylan G. Topçu"
    ],
    "summary": "As systems engineering (SE) objectives evolve from design and operation of monolithic systems to complex System of Systems (SoS), the discipline of Mission Engineering (ME) has emerged which is increasingly being accepted as a new line of thinking for the SE community. Moreover, mission environments are uncertain, dynamic, and mission outcomes are a direct function of how the mission assets will interact with this environment. This proves static architectures brittle and calls for analytically rigorous approaches for ME. To that end, this paper proposes an intelligent mission coordination methodology that integrates digital mission models with Reinforcement Learning (RL), that specifically addresses the need for adaptive task allocation and reconfiguration. More specifically, we are leveraging a Digital Engineering (DE) based infrastructure that is composed of a high-fidelity digital mission model and agent-based simulation; and then we formulate the mission tactics management problem as a Markov Decision Process (MDP), and employ an RL agent trained via Proximal Policy Optimization. By leveraging the simulation as a sandbox, we map the system states to actions, refining the policy based on realized mission outcomes. The utility of the RL-based intelligent mission coordinator is demonstrated through an aerial firefighting case study. Our findings indicate that the RL-based intelligent mission coordinator not only surpasses baseline performance but also significantly reduces the variability in mission performance. Thus, this study serves as a proof of concept demonstrating that DE-enabled mission simulations combined with advanced analytical tools offer a mission-agnostic framework for improving ME practice; which can be extended to more complicated fleet design and selection problems in the future from a mission-first perspective.",
    "published": "2025-12-23T18:36:07+00:00",
    "updated": "2025-12-23T18:36:07+00:00",
    "categories": [
      "cs.CY",
      "cs.AI",
      "eess.SY",
      "math.OC"
    ],
    "pdf_url": "https://arxiv.org/pdf/2512.20589v1",
    "primary_category": "cs.CY",
    "url": "http://arxiv.org/abs/2512.20589v1"
  },
  {
    "id": "2512.20586v1",
    "title": "Automated stereotactic radiosurgery planning using a human-in-the-loop reasoning large language model agent",
    "authors": [
      "Humza Nusrat",
      "Luke Francisco",
      "Bing Luo",
      "Hassan Bagher-Ebadian",
      "Joshua Kim",
      "Karen Chin-Snyder",
      "Salim Siddiqui",
      "Mira Shah",
      "Eric Mellon",
      "Mohammad Ghassemi",
      "Anthony Doemer",
      "Benjamin Movsas",
      "Kundan Thind"
    ],
    "summary": "Stereotactic radiosurgery (SRS) demands precise dose shaping around critical structures, yet black-box AI systems have limited clinical adoption due to opacity concerns. We tested whether chain-of-thought reasoning improves agentic planning in a retrospective cohort of 41 patients with brain metastases treated with 18 Gy single-fraction SRS. We developed SAGE (Secure Agent for Generative Dose Expertise), an LLM-based planning agent for automated SRS treatment planning. Two variants generated plans for each case: one using a non-reasoning model, one using a reasoning model. The reasoning variant showed comparable plan dosimetry relative to human planners on primary endpoints (PTV coverage, maximum dose, conformity index, gradient index; all p > 0.21) while reducing cochlear dose below human baselines (p = 0.022). When prompted to improve conformity, the reasoning model demonstrated systematic planning behaviors including prospective constraint verification (457 instances) and trade-off deliberation (609 instances), while the standard model exhibited none of these deliberative processes (0 and 7 instances, respectively). Content analysis revealed that constraint verification and causal explanation concentrated in the reasoning agent. The optimization traces serve as auditable logs, offering a path toward transparent automated planning.",
    "published": "2025-12-23T18:32:17+00:00",
    "updated": "2025-12-23T18:32:17+00:00",
    "categories": [
      "cs.AI",
      "cs.CL",
      "cs.HC"
    ],
    "pdf_url": "https://arxiv.org/pdf/2512.20586v1",
    "primary_category": "cs.AI",
    "url": "http://arxiv.org/abs/2512.20586v1"
  },
  {
    "id": "2512.20582v1",
    "title": "Relu and softplus neural nets as zero-sum turn-based games",
    "authors": [
      "Stephane Gaubert",
      "Yiannis Vlassopoulos"
    ],
    "summary": "We show that the output of a ReLU neural network can be interpreted as the value of a zero-sum, turn-based, stopping game, which we call the ReLU net game. The game runs in the direction opposite to that of the network, and the input of the network serves as the terminal reward of the game. In fact, evaluating the network is the same as running the Shapley-Bellman backward recursion for the value of the game. Using the expression of the value of the game as an expected total payoff with respect to the path measure induced by the transition probabilities and a pair of optimal policies, we derive a discrete Feynman-Kac-type path-integral formula for the network output. This game-theoretic representation can be used to derive bounds on the output from bounds on the input, leveraging the monotonicity of Shapley operators, and to verify robustness properties using policies as certificates. Moreover, training the neural network becomes an inverse game problem: given pairs of terminal rewards and corresponding values, one seeks transition probabilities and rewards of a game that reproduces them. Finally, we show that a similar approach applies to neural networks with Softplus activation functions, where the ReLU net game is replaced by its entropic regularization.",
    "published": "2025-12-23T18:27:41+00:00",
    "updated": "2025-12-23T18:27:41+00:00",
    "categories": [
      "cs.LG",
      "cs.GT",
      "math.OC"
    ],
    "pdf_url": "https://arxiv.org/pdf/2512.20582v1",
    "primary_category": "cs.LG",
    "url": "http://arxiv.org/abs/2512.20582v1"
  },
  {
    "id": "2512.20578v1",
    "title": "Can LLMs Predict Their Own Failures? Self-Awareness via Internal Circuits",
    "authors": [
      "Amirhosein Ghasemabadi",
      "Di Niu"
    ],
    "summary": "Large language models (LLMs) generate fluent and complex outputs but often fail to recognize their own mistakes and hallucinations. Existing approaches typically rely on external judges, multi-sample consistency, or text-based self-critique, which incur additional compute or correlate weakly with true correctness. We ask: can LLMs predict their own failures by inspecting internal states during inference? We introduce Gnosis, a lightweight self-awareness mechanism that enables frozen LLMs to perform intrinsic self-verification by decoding signals from hidden states and attention patterns. Gnosis passively observes internal traces, compresses them into fixed-budget descriptors, and predicts correctness with negligible inference cost, adding only ~5M parameters and operating independently of sequence length. Across math reasoning, open-domain question answering, and academic knowledge benchmarks, and over frozen backbones ranging from 1.7B to 20B parameters, Gnosis consistently outperforms strong internal baselines and large external judges in both accuracy and calibration. Moreover, it generalizes zero-shot to partial generations, enabling early detection of failing trajectories and compute-aware control. These results show that reliable correctness cues are intrinsic to generation process and can be extracted efficiently without external supervision.",
    "published": "2025-12-23T18:21:32+00:00",
    "updated": "2025-12-23T18:21:32+00:00",
    "categories": [
      "cs.CL"
    ],
    "pdf_url": "https://arxiv.org/pdf/2512.20578v1",
    "primary_category": "cs.CL",
    "url": "http://arxiv.org/abs/2512.20578v1"
  },
  {
    "id": "2512.20577v1",
    "title": "Improving ML Training Data with Gold-Standard Quality Metrics",
    "authors": [
      "Leslie Barrett",
      "Michael W. Sherman"
    ],
    "summary": "Hand-tagged training data is essential to many machine learning tasks. However, training data quality control has received little attention in the literature, despite data quality varying considerably with the tagging exercise. We propose methods to evaluate and enhance the quality of hand-tagged training data using statistical approaches to measure tagging consistency and agreement. We show that agreement metrics give more reliable results if recorded over multiple iterations of tagging, where declining variance in such recordings is an indicator of increasing data quality. We also show one way a tagging project can collect high-quality training data without requiring multiple tags for every work item, and that a tagger burn-in period may not be sufficient for minimizing tagger errors.",
    "published": "2025-12-23T18:21:24+00:00",
    "updated": "2025-12-23T18:21:24+00:00",
    "categories": [
      "cs.LG"
    ],
    "pdf_url": "https://arxiv.org/pdf/2512.20577v1",
    "primary_category": "cs.LG",
    "url": "http://arxiv.org/abs/2512.20577v1"
  },
  {
    "id": "2512.20576v1",
    "title": "Performative Policy Gradient: Optimality in Performative Reinforcement Learning",
    "authors": [
      "Debabrota Basu",
      "Udvas Das",
      "Brahim Driss",
      "Uddalak Mukherjee"
    ],
    "summary": "Post-deployment machine learning algorithms often influence the environments they act in, and thus shift the underlying dynamics that the standard reinforcement learning (RL) methods ignore. While designing optimal algorithms in this performative setting has recently been studied in supervised learning, the RL counterpart remains under-explored. In this paper, we prove the performative counterparts of the performance difference lemma and the policy gradient theorem in RL, and further introduce the Performative Policy Gradient algorithm (PePG). PePG is the first policy gradient algorithm designed to account for performativity in RL. Under softmax parametrisation, and also with and without entropy regularisation, we prove that PePG converges to performatively optimal policies, i.e. policies that remain optimal under the distribution shifts induced by themselves. Thus, PePG significantly extends the prior works in Performative RL that achieves performative stability but not optimality. Furthermore, our empirical analysis on standard performative RL environments validate that PePG outperforms standard policy gradient algorithms and the existing performative RL algorithms aiming for stability.",
    "published": "2025-12-23T18:20:06+00:00",
    "updated": "2025-12-23T18:20:06+00:00",
    "categories": [
      "cs.LG",
      "cs.AI",
      "math.OC"
    ],
    "pdf_url": "https://arxiv.org/pdf/2512.20576v1",
    "primary_category": "cs.LG",
    "url": "http://arxiv.org/abs/2512.20576v1"
  },
  {
    "id": "2512.20573v1",
    "title": "Fail Fast, Win Big: Rethinking the Drafting Strategy in Speculative Decoding via Diffusion LLMs",
    "authors": [
      "Rui Pan",
      "Zhuofu Chen",
      "Ravi Netravali"
    ],
    "summary": "Diffusion Large Language Models (dLLMs) offer fast, parallel token generation, but their standalone use is plagued by an inherent efficiency-quality tradeoff. We show that, if carefully applied, the attributes of dLLMs can actually be a strength for drafters in speculative decoding with autoregressive (AR) verifiers. Our core insight is that dLLM's speed from parallel decoding drastically lowers the risk of costly rejections, providing a practical mechanism to effectively realize the (elusive) lengthy drafts that lead to large speedups with speculative decoding. We present FailFast, a dLLM-based speculative decoding framework that realizes this approach by dynamically adapting its speculation length. It \"fails fast\" by spending minimal compute in hard-to-speculate regions to shrink speculation latency and \"wins big\" by aggressively extending draft lengths in easier regions to reduce verification latency (in many cases, speculating and accepting 70 tokens at a time!). Without any fine-tuning, FailFast delivers lossless acceleration of AR LLMs and achieves up to 4.9$\\times$ speedup over vanilla decoding, 1.7$\\times$ over the best naive dLLM drafter, and 1.4$\\times$ over EAGLE-3 across diverse models and workloads. We open-source FailFast at https://github.com/ruipeterpan/failfast.",
    "published": "2025-12-23T18:16:58+00:00",
    "updated": "2025-12-23T18:16:58+00:00",
    "categories": [
      "cs.LG",
      "cs.AI",
      "cs.DC"
    ],
    "pdf_url": "https://arxiv.org/pdf/2512.20573v1",
    "primary_category": "cs.LG",
    "url": "http://arxiv.org/abs/2512.20573v1"
  },
  {
    "id": "2512.20569v1",
    "title": "Distilling to Hybrid Attention Models via KL-Guided Layer Selection",
    "authors": [
      "Yanhong Li",
      "Songlin Yang",
      "Shawn Tan",
      "Mayank Mishra",
      "Rameswar Panda",
      "Jiawei Zhou",
      "Yoon Kim"
    ],
    "summary": "Distilling pretrained softmax attention Transformers into more efficient hybrid architectures that interleave softmax and linear attention layers is a promising approach for improving the inference efficiency of LLMs without requiring expensive pretraining from scratch. A critical factor in the conversion process is layer selection, i.e., deciding on which layers to convert to linear attention variants. This paper describes a simple and efficient recipe for layer selection that uses layer importance scores derived from a small amount of training on generic text data. Once the layers have been selected we use a recent pipeline for the distillation process itself \\citep[RADLADS;][]{goldstein2025radlads}, which consists of attention weight transfer, hidden state alignment, KL-based distribution matching, followed by a small amount of finetuning. We find that this approach is more effective than existing approaches for layer selection, including heuristics that uniformly interleave linear attentions based on a fixed ratio, as well as more involved approaches that rely on specialized diagnostic datasets.",
    "published": "2025-12-23T18:12:22+00:00",
    "updated": "2025-12-23T18:12:22+00:00",
    "categories": [
      "cs.CL",
      "cs.AI"
    ],
    "pdf_url": "https://arxiv.org/pdf/2512.20569v1",
    "primary_category": "cs.CL",
    "url": "http://arxiv.org/abs/2512.20569v1"
  },
  {
    "id": "2512.20563v1",
    "title": "LEAD: Minimizing Learner-Expert Asymmetry in End-to-End Driving",
    "authors": [
      "Long Nguyen",
      "Micha Fauth",
      "Bernhard Jaeger",
      "Daniel Dauner",
      "Maximilian Igl",
      "Andreas Geiger",
      "Kashyap Chitta"
    ],
    "summary": "Simulators can generate virtually unlimited driving data, yet imitation learning policies in simulation still struggle to achieve robust closed-loop performance. Motivated by this gap, we empirically study how misalignment between privileged expert demonstrations and sensor-based student observations can limit the effectiveness of imitation learning. More precisely, experts have significantly higher visibility (e.g., ignoring occlusions) and far lower uncertainty (e.g., knowing other vehicles' actions), making them difficult to imitate reliably. Furthermore, navigational intent (i.e., the route to follow) is under-specified in student models at test time via only a single target point. We demonstrate that these asymmetries can measurably limit driving performance in CARLA and offer practical interventions to address them. After careful modifications to narrow the gaps between expert and student, our TransFuser v6 (TFv6) student policy achieves a new state of the art on all major publicly available CARLA closed-loop benchmarks, reaching 95 DS on Bench2Drive and more than doubling prior performances on Longest6~v2 and Town13. Additionally, by integrating perception supervision from our dataset into a shared sim-to-real pipeline, we show consistent gains on the NAVSIM and Waymo Vision-Based End-to-End driving benchmarks. Our code, data, and models are publicly available at https://github.com/autonomousvision/lead.",
    "published": "2025-12-23T18:07:43+00:00",
    "updated": "2025-12-23T18:07:43+00:00",
    "categories": [
      "cs.CV",
      "cs.AI",
      "cs.LG",
      "cs.RO"
    ],
    "pdf_url": "https://arxiv.org/pdf/2512.20563v1",
    "primary_category": "cs.CV",
    "url": "http://arxiv.org/abs/2512.20563v1"
  },
  {
    "id": "2512.20562v1",
    "title": "Shallow Neural Networks Learn Low-Degree Spherical Polynomials with Learnable Channel Attention",
    "authors": [
      "Yingzhen Yang"
    ],
    "summary": "We study the problem of learning a low-degree spherical polynomial of degree $\\ell_0 = Θ(1) \\ge 1$ defined on the unit sphere in $\\RR^d$ by training an over-parameterized two-layer neural network (NN) with channel attention in this paper. Our main result is the significantly improved sample complexity for learning such low-degree polynomials. We show that, for any regression risk $\\eps \\in (0,1)$, a carefully designed two-layer NN with channel attention and finite width of $m \\ge Θ({n^4 \\log (2n/δ)}/{d^{2\\ell_0}})$ trained by the vanilla gradient descent (GD) requires the lowest sample complexity of $n \\asymp Θ(d^{\\ell_0}/\\eps)$ with probability $1-δ$ for every $δ\\in (0,1)$, in contrast with the representative sample complexity $Θ\\pth{d^{\\ell_0} \\max\\set{\\eps^{-2},\\log d}}$, where $n$ is the training daata size. Moreover, such sample complexity is not improvable since the trained network renders a sharp rate of the nonparametric regression risk of the order $Θ(d^{\\ell_0}/{n})$ with probability at least $1-δ$. On the other hand, the minimax optimal rate for the regression risk with a kernel of rank $Θ(d^{\\ell_0})$ is $Θ(d^{\\ell_0}/{n})$, so that the rate of the nonparametric regression risk of the network trained by GD is minimax optimal. The training of the two-layer NN with channel attention consists of two stages. In Stage 1, a provable learnable channel selection algorithm identifies the ground-truth channel number $\\ell_0$ from the initial $L \\ge \\ell_0$ channels in the first-layer activation, with high probability. This learnable selection is achieved by an efficient one-step GD update on both layers, enabling feature learning for low-degree polynomial targets. In Stage 2, the second layer is trained by standard GD using the activation function with the selected channels.",
    "published": "2025-12-23T18:05:55+00:00",
    "updated": "2025-12-23T18:05:55+00:00",
    "categories": [
      "stat.ML",
      "cs.LG",
      "math.OC"
    ],
    "pdf_url": "https://arxiv.org/pdf/2512.20562v1",
    "primary_category": "stat.ML",
    "url": "http://arxiv.org/abs/2512.20562v1"
  },
  {
    "id": "2512.20548v1",
    "title": "Advancing Multimodal Teacher Sentiment Analysis:The Large-Scale T-MED Dataset & The Effective AAM-TSA Model",
    "authors": [
      "Zhiyi Duan",
      "Xiangren Wang",
      "Hongyu Yuan",
      "Qianli Xing"
    ],
    "summary": "Teachers' emotional states are critical in educational scenarios, profoundly impacting teaching efficacy, student engagement, and learning achievements. However, existing studies often fail to accurately capture teachers' emotions due to the performative nature and overlook the critical impact of instructional information on emotional expression.In this paper, we systematically investigate teacher sentiment analysis by building both the dataset and the model accordingly. We construct the first large-scale teacher multimodal sentiment analysis dataset, T-MED.To ensure labeling accuracy and efficiency, we employ a human-machine collaborative labeling process.The T-MED dataset includes 14,938 instances of teacher emotional data from 250 real classrooms across 11 subjects ranging from K-12 to higher education, integrating multimodal text, audio, video, and instructional information.Furthermore, we propose a novel asymmetric attention-based multimodal teacher sentiment analysis model, AAM-TSA.AAM-TSA introduces an asymmetric attention mechanism and hierarchical gating unit to enable differentiated cross-modal feature fusion and precise emotional classification. Experimental results demonstrate that AAM-TSA significantly outperforms existing state-of-the-art methods in terms of accuracy and interpretability on the T-MED dataset.",
    "published": "2025-12-23T17:42:16+00:00",
    "updated": "2025-12-23T17:42:16+00:00",
    "categories": [
      "cs.AI"
    ],
    "pdf_url": "https://arxiv.org/pdf/2512.20548v1",
    "primary_category": "cs.AI",
    "url": "http://arxiv.org/abs/2512.20548v1"
  },
  {
    "id": "2512.20533v1",
    "title": "Over-the-Air Goal-Oriented Communications",
    "authors": [
      "Kyriakos Stylianopoulos",
      "Paolo Di Lorenzo",
      "George C. Alexandropoulos"
    ],
    "summary": "Goal-oriented communications offer an attractive alternative to the Shannon-based communication paradigm, where the data is never reconstructed at the Receiver (RX) side. Rather, focusing on the case of edge inference, the Transmitter (TX) and the RX cooperate to exchange features of the input data that will be used to predict an unseen attribute of them, leveraging information from collected data sets. This chapter demonstrates that the wireless channel can be used to perform computations over the data, when equipped with programmable metasurfaces. The end-to-end system of the TX, RX, and MS-based channel is treated as a single deep neural network which is trained through backpropagation to perform inference on unseen data. Using Stacked Intelligent Metasurfaces (SIM), it is shown that this Metasurfaces-Integrated Neural Network (MINN) can achieve performance comparable to fully digital neural networks under various system parameters and data sets. By offloading computations onto the channel itself, important benefits may be achieved in terms of energy consumption, arising from reduced computations at the transceivers and smaller transmission power required for successful inference.",
    "published": "2025-12-23T17:24:39+00:00",
    "updated": "2025-12-23T17:24:39+00:00",
    "categories": [
      "eess.SP",
      "cs.ET",
      "cs.IT",
      "cs.LG"
    ],
    "pdf_url": "https://arxiv.org/pdf/2512.20533v1",
    "primary_category": "eess.SP",
    "url": "http://arxiv.org/abs/2512.20533v1"
  },
  {
    "id": "2512.20523v1",
    "title": "ScoreMatchingRiesz: Auto-DML with Infinitesimal Classification",
    "authors": [
      "Masahiro Kato"
    ],
    "summary": "This study proposes Riesz representer estimation methods based on score matching. The Riesz representer is a key component in debiased machine learning for constructing $\\sqrt{n}$-consistent and efficient estimators in causal inference and structural parameter estimation. To estimate the Riesz representer, direct approaches have garnered attention, such as Riesz regression and the covariate balancing propensity score. These approaches can also be interpreted as variants of direct density ratio estimation (DRE) in several applications such as average treatment effect estimation. In DRE, it is well known that flexible models can easily overfit the observed data due to the estimand and the form of the loss function. To address this issue, recent work has proposed modeling the density ratio as a product of multiple intermediate density ratios and estimating it using score-matching techniques, which are often used in the diffusion model literature. We extend score-matching-based DRE methods to Riesz representer estimation. Our proposed method not only mitigates overfitting but also provides insights for causal inference by bridging marginal effects and average policy effects through time score functions.",
    "published": "2025-12-23T17:14:14+00:00",
    "updated": "2025-12-23T17:14:14+00:00",
    "categories": [
      "econ.EM",
      "cs.LG",
      "math.ST",
      "stat.ME",
      "stat.ML"
    ],
    "pdf_url": "https://arxiv.org/pdf/2512.20523v1",
    "primary_category": "econ.EM",
    "url": "http://arxiv.org/abs/2512.20523v1"
  },
  {
    "id": "2512.20520v1",
    "title": "Benchmarking LLMs for Predictive Applications in the Intensive Care Units",
    "authors": [
      "Chehak Malhotra",
      "Mehak Gopal",
      "Akshaya Devadiga",
      "Pradeep Singh",
      "Ridam Pal",
      "Ritwik Kashyap",
      "Tavpritesh Sethi"
    ],
    "summary": "With the advent of LLMs, various tasks across the natural language processing domain have been transformed. However, their application in predictive tasks remains less researched. This study compares large language models, including GatorTron-Base (trained on clinical data), Llama 8B, and Mistral 7B, against models like BioBERT, DocBERT, BioClinicalBERT, Word2Vec, and Doc2Vec, setting benchmarks for predicting Shock in critically ill patients. Timely prediction of shock can enable early interventions, thus improving patient outcomes. Text data from 17,294 ICU stays of patients in the MIMIC III database were scored for length of stay > 24 hours and shock index (SI) > 0.7 to yield 355 and 87 patients with normal and abnormal SI-index, respectively. Both focal and cross-entropy losses were used during finetuning to address class imbalances. Our findings indicate that while GatorTron Base achieved the highest weighted recall of 80.5%, the overall performance metrics were comparable between SLMs and LLMs. This suggests that LLMs are not inherently superior to SLMs in predicting future clinical events despite their strong performance on text-based tasks. To achieve meaningful clinical outcomes, future efforts in training LLMs should prioritize developing models capable of predicting clinical trajectories rather than focusing on simpler tasks such as named entity recognition or phenotyping.",
    "published": "2025-12-23T17:08:31+00:00",
    "updated": "2025-12-23T17:08:31+00:00",
    "categories": [
      "cs.AI"
    ],
    "pdf_url": "https://arxiv.org/pdf/2512.20520v1",
    "primary_category": "cs.AI",
    "url": "http://arxiv.org/abs/2512.20520v1"
  },
  {
    "id": "2512.20514v1",
    "title": "Explainable time-series forecasting with sampling-free SHAP for Transformers",
    "authors": [
      "Matthias Hertel",
      "Sebastian Pütz",
      "Ralf Mikut",
      "Veit Hagenmeyer",
      "Benjamin Schäfer"
    ],
    "summary": "Time-series forecasts are essential for planning and decision-making in many domains. Explainability is key to building user trust and meeting transparency requirements. Shapley Additive Explanations (SHAP) is a popular explainable AI framework, but it lacks efficient implementations for time series and often assumes feature independence when sampling counterfactuals. We introduce SHAPformer, an accurate, fast and sampling-free explainable time-series forecasting model based on the Transformer architecture. It leverages attention manipulation to make predictions based on feature subsets. SHAPformer generates explanations in under one second, several orders of magnitude faster than the SHAP Permutation Explainer. On synthetic data with ground truth explanations, SHAPformer provides explanations that are true to the data. Applied to real-world electrical load data, it achieves competitive predictive performance and delivers meaningful local and global insights, such as identifying the past load as the key predictor and revealing a distinct model behavior during the Christmas period.",
    "published": "2025-12-23T17:02:35+00:00",
    "updated": "2025-12-23T17:02:35+00:00",
    "categories": [
      "cs.LG"
    ],
    "pdf_url": "https://arxiv.org/pdf/2512.20514v1",
    "primary_category": "cs.LG",
    "url": "http://arxiv.org/abs/2512.20514v1"
  },
  {
    "id": "2512.20513v1",
    "title": "Recurrent Off-Policy Deep Reinforcement Learning Doesn't Have to be Slow",
    "authors": [
      "Tyler Clark",
      "Christine Evers",
      "Jonathon Hare"
    ],
    "summary": "Recurrent off-policy deep reinforcement learning models achieve state-of-the-art performance but are often sidelined due to their high computational demands. In response, we introduce RISE (Recurrent Integration via Simplified Encodings), a novel approach that can leverage recurrent networks in any image-based off-policy RL setting without significant computational overheads via using both learnable and non-learnable encoder layers. When integrating RISE into leading non-recurrent off-policy RL algorithms, we observe a 35.6% human-normalized interquartile mean (IQM) performance improvement across the Atari benchmark. We analyze various implementation strategies to highlight the versatility and potential of our proposed framework.",
    "published": "2025-12-23T17:02:17+00:00",
    "updated": "2025-12-23T17:02:17+00:00",
    "categories": [
      "cs.LG"
    ],
    "pdf_url": "https://arxiv.org/pdf/2512.20513v1",
    "primary_category": "cs.LG",
    "url": "http://arxiv.org/abs/2512.20513v1"
  },
  {
    "id": "2512.20491v1",
    "title": "Step-DeepResearch Technical Report",
    "authors": [
      "Chen Hu",
      "Haikuo Du",
      "Heng Wang",
      "Lin Lin",
      "Mingrui Chen",
      "Peng Liu",
      "Ruihang Miao",
      "Tianchi Yue",
      "Wang You",
      "Wei Ji",
      "Wei Yuan",
      "Wenjin Deng",
      "Xiaojian Yuan",
      "Xiaoyun Zhang",
      "Xiangyu Liu",
      "Xikai Liu",
      "Yanming Xu",
      "Yicheng Cao",
      "Yifei Zhang",
      "Yongyao Wang",
      "Yubo Shu",
      "Yurong Zhang",
      "Yuxiang Zhang",
      "Zheng Gong",
      "Zhichao Chang",
      "Binyan Li",
      "Dan Ma",
      "Furong Jia",
      "Hongyuan Wang",
      "Jiayu Liu",
      "Jing Bai",
      "Junlan Liu",
      "Manjiao Liu",
      "Na Wang",
      "Qiuping Wu",
      "Qinxin Du",
      "Shiwei Li",
      "Wen Sun",
      "Yifeng Gong",
      "Yonglin Chen",
      "Yuling Zhao",
      "Yuxuan Lin",
      "Ziqi Ren",
      "Zixuan Wang",
      "Aihu Zhang",
      "Brian Li",
      "Buyun Ma",
      "Kang An",
      "Li Xie",
      "Mingliang Li",
      "Pan Li",
      "Shidong Yang",
      "Xi Chen",
      "Xiaojia Liu",
      "Yuchu Luo",
      "Yuan Song",
      "YuanHao Ding",
      "Yuanwei Liang",
      "Zexi Li",
      "Zhaoning Zhang",
      "Zixin Zhang",
      "Binxing Jiao",
      "Daxin Jiang",
      "Jiansheng Chen",
      "Jing Li",
      "Xiangyu Zhang",
      "Yibo Zhu"
    ],
    "summary": "As LLMs shift toward autonomous agents, Deep Research has emerged as a pivotal metric. However, existing academic benchmarks like BrowseComp often fail to meet real-world demands for open-ended research, which requires robust skills in intent recognition, long-horizon decision-making, and cross-source verification. To address this, we introduce Step-DeepResearch, a cost-effective, end-to-end agent. We propose a Data Synthesis Strategy Based on Atomic Capabilities to reinforce planning and report writing, combined with a progressive training path from agentic mid-training to SFT and RL. Enhanced by a Checklist-style Judger, this approach significantly improves robustness. Furthermore, to bridge the evaluation gap in the Chinese domain, we establish ADR-Bench for realistic deep research scenarios. Experimental results show that Step-DeepResearch (32B) scores 61.4% on Scale AI Research Rubrics. On ADR-Bench, it significantly outperforms comparable models and rivals SOTA closed-source models like OpenAI and Gemini DeepResearch. These findings prove that refined training enables medium-sized models to achieve expert-level capabilities at industry-leading cost-efficiency.",
    "published": "2025-12-23T16:32:27+00:00",
    "updated": "2025-12-23T16:32:27+00:00",
    "categories": [
      "cs.CL"
    ],
    "pdf_url": "https://arxiv.org/pdf/2512.20491v1",
    "primary_category": "cs.CL",
    "url": "http://arxiv.org/abs/2512.20491v1"
  },
  {
    "id": "2512.20482v1",
    "title": "SweRank+: Multilingual, Multi-Turn Code Ranking for Software Issue Localization",
    "authors": [
      "Revanth Gangi Reddy",
      "Ye Liu",
      "Wenting Zhao",
      "JaeHyeok Doo",
      "Tarun Suresh",
      "Daniel Lee",
      "Caiming Xiong",
      "Yingbo Zhou",
      "Semih Yavuz",
      "Shafiq Joty"
    ],
    "summary": "Maintaining large-scale, multilingual codebases hinges on accurately localizing issues, which requires mapping natural-language error descriptions to the relevant functions that need to be modified. However, existing ranking approaches are often Python-centric and perform a single-pass search over the codebase. This work introduces SweRank+, a framework that couples SweRankMulti, a cross-lingual code ranking tool, with SweRankAgent, an agentic search setup, for iterative, multi-turn reasoning over the code repository. SweRankMulti comprises a code embedding retriever and a listwise LLM reranker, and is trained using a carefully curated large-scale issue localization dataset spanning multiple popular programming languages. SweRankAgent adopts an agentic search loop that moves beyond single-shot localization with a memory buffer to reason and accumulate relevant localization candidates over multiple turns. Our experiments on issue localization benchmarks spanning various languages demonstrate new state-of-the-art performance with SweRankMulti, while SweRankAgent further improves localization over single-pass ranking.",
    "published": "2025-12-23T16:18:39+00:00",
    "updated": "2025-12-23T16:18:39+00:00",
    "categories": [
      "cs.SE",
      "cs.AI"
    ],
    "pdf_url": "https://arxiv.org/pdf/2512.20482v1",
    "primary_category": "cs.SE",
    "url": "http://arxiv.org/abs/2512.20482v1"
  },
  {
    "id": "2512.20481v1",
    "title": "Coherence in the brain unfolds across separable temporal regimes",
    "authors": [
      "Davide Stauba",
      "Finn Rabe",
      "Akhil Misra",
      "Yves Pauli",
      "Roya Hüppi",
      "Nils Lang",
      "Lars Michels",
      "Victoria Edkins",
      "Sascha Frühholz",
      "Iris Sommer",
      "Wolfram Hinzen",
      "Philipp Homan"
    ],
    "summary": "Coherence in language requires the brain to satisfy two competing temporal demands: gradual accumulation of meaning across extended context and rapid reconfiguration of representations at event boundaries. Despite their centrality to language and thought, how these processes are implemented in the human brain during naturalistic listening remains unclear. Here, we tested whether these two processes can be captured by annotation-free drift and shift signals and whether their neural expression dissociates across large-scale cortical systems. These signals were derived from a large language model (LLM) and formalized contextual drift and event shifts directly from the narrative input. To enable high-precision voxelwise encoding models with stable parameter estimates, we densely sampled one healthy adult across more than 7 hours of listening to thirteen crime stories while collecting ultra high-field (7T) BOLD data. We then modeled the feature-informed hemodynamic response using a regularized encoding framework validated on independent stories. Drift predictions were prevalent in default-mode network hubs, whereas shift predictions were evident bilaterally in the primary auditory cortex and language association cortex. Furthermore, activity in default-mode and parietal networks was best explained by a signal capturing how meaning accumulates and gradually fades over the course of the narrative. Together, these findings show that coherence during language comprehension is implemented through dissociable neural regimes of slow contextual integration and rapid event-driven reconfiguration, offering a mechanistic entry point for understanding disturbances of language coherence in psychiatric disorders.",
    "published": "2025-12-23T16:16:42+00:00",
    "updated": "2025-12-23T16:16:42+00:00",
    "categories": [
      "q-bio.NC",
      "cs.CL"
    ],
    "pdf_url": "https://arxiv.org/pdf/2512.20481v1",
    "primary_category": "q-bio.NC",
    "url": "http://arxiv.org/abs/2512.20481v1"
  },
  {
    "id": "2512.20469v1",
    "title": "Bohrium + SciMaster: Building the Infrastructure and Ecosystem for Agentic Science at Scale",
    "authors": [
      "Linfeng Zhang",
      "Siheng Chen",
      "Yuzhu Cai",
      "Jingyi Chai",
      "Junhan Chang",
      "Kun Chen",
      "Zhi X. Chen",
      "Zhaohan Ding",
      "Yuwen Du",
      "Yuanpeng Gao",
      "Yuan Gao",
      "Jing Gao",
      "Zhifeng Gao",
      "Qiangqiang Gu",
      "Yanhui Hong",
      "Yuan Huang",
      "Xi Fang",
      "Xiaohong Ji",
      "Guolin Ke",
      "Zixing Lei",
      "Xinyu Li",
      "Yongge Li",
      "Ruoxue Liao",
      "Hang Lin",
      "Xiaolu Lin",
      "Yuxiang Liu",
      "Xinzijian Liu",
      "Zexi Liu",
      "Jintan Lu",
      "Tingjia Miao",
      "Haohui Que",
      "Weijie Sun",
      "Yanfeng Wang",
      "Bingyang Wu",
      "Tianju Xue",
      "Rui Ye",
      "Jinzhe Zeng",
      "Duo Zhang",
      "Jiahui Zhang",
      "Linfeng Zhang",
      "Tianhan Zhang",
      "Wenchang Zhang",
      "Yuzhi Zhang",
      "Zezhong Zhang",
      "Hang Zheng",
      "Hui Zhou",
      "Tong Zhu",
      "Xinyu Zhu",
      "Qingguo Zhou",
      "Weinan E"
    ],
    "summary": "AI agents are emerging as a practical way to run multi-step scientific workflows that interleave reasoning with tool use and verification, pointing to a shift from isolated AI-assisted steps toward \\emph{agentic science at scale}. This shift is increasingly feasible, as scientific tools and models can be invoked through stable interfaces and verified with recorded execution traces, and increasingly necessary, as AI accelerates scientific output and stresses the peer-review and publication pipeline, raising the bar for traceability and credible evaluation.\n  However, scaling agentic science remains difficult: workflows are hard to observe and reproduce; many tools and laboratory systems are not agent-ready; execution is hard to trace and govern; and prototype AI Scientist systems are often bespoke, limiting reuse and systematic improvement from real workflow signals.\n  We argue that scaling agentic science requires an infrastructure-and-ecosystem approach, instantiated in Bohrium+SciMaster. Bohrium acts as a managed, traceable hub for AI4S assets -- akin to a HuggingFace of AI for Science -- that turns diverse scientific data, software, compute, and laboratory systems into agent-ready capabilities. SciMaster orchestrates these capabilities into long-horizon scientific workflows, on which scientific agents can be composed and executed. Between infrastructure and orchestration, a \\emph{scientific intelligence substrate} organizes reusable models, knowledge, and components into executable building blocks for workflow reasoning and action, enabling composition, auditability, and improvement through use.\n  We demonstrate this stack with eleven representative master agents in real workflows, achieving orders-of-magnitude reductions in end-to-end scientific cycle time and generating execution-grounded signals from real workloads at multi-million scale.",
    "published": "2025-12-23T16:04:41+00:00",
    "updated": "2025-12-23T16:04:41+00:00",
    "categories": [
      "cs.AI"
    ],
    "pdf_url": "https://arxiv.org/pdf/2512.20469v1",
    "primary_category": "cs.AI",
    "url": "http://arxiv.org/abs/2512.20469v1"
  },
  {
    "id": "2512.20460v1",
    "title": "The Aligned Economic Index & The State Switching Model",
    "authors": [
      "Ilias Aarab"
    ],
    "summary": "A growing empirical literature suggests that equity-premium predictability is state dependent, with much of the forecasting power concentrated around recessionary periods \\parencite{Henkel2011,DanglHalling2012,Devpura2018}. I study U.S. stock return predictability across economic regimes and document strong evidence of time-varying expected returns across both expansionary and contractionary states. I contribute in two ways. First, I introduce a state-switching predictive regression in which the market state is defined in real time using the slope of the yield curve. Relative to the standard one-state predictive regression, the state-switching specification increases both in-sample and out-of-sample performance for the set of popular predictors considered by \\textcite{WelchGoyal2008}, improving the out-of-sample performance of most predictors in economically meaningful ways. Second, I propose a new aggregate predictor, the Aligned Economic Index, constructed via partial least squares (PLS). Under the state-switching model, the Aligned Economic Index exhibits statistically and economically significant predictive power in sample and out of sample, and it outperforms widely used benchmark predictors and alternative predictor-combination methods.",
    "published": "2025-12-23T15:55:10+00:00",
    "updated": "2025-12-23T15:55:10+00:00",
    "categories": [
      "q-fin.ST",
      "cs.LG",
      "econ.EM",
      "q-fin.PM",
      "stat.AP"
    ],
    "pdf_url": "https://arxiv.org/pdf/2512.20460v1",
    "primary_category": "q-fin.ST",
    "url": "http://arxiv.org/abs/2512.20460v1"
  },
  {
    "id": "2512.20438v1",
    "title": "Machine Learning to Predict Digital Frustration from Clickstream Data",
    "authors": [
      "Jibin Joseph"
    ],
    "summary": "Many businesses depend on their mobile apps and websites, so user frustration while trying to complete a task on these channels can cause lost sales and complaints. In this research, I use clickstream data from a real e-commerce site to predict whether a session is frustrated or not. Frustration is defined using certain rules based on rage bursts, back and forth navigation (U turns), cart churn, search struggle, and long wandering sessions, and applies these rules to 5.4 million raw clickstream events (304,881 sessions). From each session, I build tabular features and train standard classifier models. I also use the full event sequence to train a discriminative LSTM classifier. XGBoost reaches about 90% accuracy, ROC AUC of 0.9579, while the LSTM performs best with about 91% accuracy and a ROC AUC of 0.9705. Finally, the research shows that with only the first 20 to 30 interactions, the LSTM already predicts frustration reliably.",
    "published": "2025-12-23T15:27:28+00:00",
    "updated": "2025-12-23T15:27:28+00:00",
    "categories": [
      "cs.LG"
    ],
    "pdf_url": "https://arxiv.org/pdf/2512.20438v1",
    "primary_category": "cs.LG",
    "url": "http://arxiv.org/abs/2512.20438v1"
  },
  {
    "id": "2512.20436v1",
    "title": "Dual-Encoder Transformer-Based Multimodal Learning for Ischemic Stroke Lesion Segmentation Using Diffusion MRI",
    "authors": [
      "Muhammad Usman",
      "Azka Rehman",
      "Muhammad Mutti Ur Rehman",
      "Abd Ur Rehman",
      "Muhammad Umar Farooq"
    ],
    "summary": "Accurate segmentation of ischemic stroke lesions from diffusion magnetic resonance imaging (MRI) is essential for clinical decision-making and outcome assessment. Diffusion-Weighted Imaging (DWI) and Apparent Diffusion Coefficient (ADC) scans provide complementary information on acute and sub-acute ischemic changes; however, automated lesion delineation remains challenging due to variability in lesion appearance.\n  In this work, we study ischemic stroke lesion segmentation using multimodal diffusion MRI from the ISLES 2022 dataset. Several state-of-the-art convolutional and transformer-based architectures, including U-Net variants, Swin-UNet, and TransUNet, are benchmarked. Based on performance, a dual-encoder TransUNet architecture is proposed to learn modality-specific representations from DWI and ADC inputs. To incorporate spatial context, adjacent slice information is integrated using a three-slice input configuration.\n  All models are trained under a unified framework and evaluated using the Dice Similarity Coefficient (DSC). Results show that transformer-based models outperform convolutional baselines, and the proposed dual-encoder TransUNet achieves the best performance, reaching a Dice score of 85.4% on the test set. The proposed framework offers a robust solution for automated ischemic stroke lesion segmentation from diffusion MRI.",
    "published": "2025-12-23T15:24:31+00:00",
    "updated": "2025-12-23T15:24:31+00:00",
    "categories": [
      "eess.IV",
      "cs.AI",
      "cs.CV"
    ],
    "pdf_url": "https://arxiv.org/pdf/2512.20436v1",
    "primary_category": "eess.IV",
    "url": "http://arxiv.org/abs/2512.20436v1"
  }
]